 201 NJ New Jersey Hackensack, (Jersey City, Hoboken and northeast New Jersey, overlays with 551) Eastern Time Zone
  <p align="left"><font size="2" face="News Gothic MT">202 DC District of Columbia </font><font
  face="News Gothic MT" size="1">(all of Washington, DC)<strong>&lt;Eastern Time Zone&gt;</strong></font></p>
  <p align="left"><font size="2" face="News Gothic MT">203 CT Connecticut </font><font
  face="News Gothic MT" size="1">(Bridgeport, New Haven, Waterbury and
  southwestern Connecticut, overlays with 475)<strong>&lt;Eastern Time Zone&gt;</strong></font></p>
  <p align="left"><font size="2" face="News Gothic MT">204 MB Manitoba </font><font
  face="News Gothic MT" size="1">(all of Manitoba)<strong>&lt;Central Time Zone&gt;</strong></font></p>
  <p align="left"><font size="2" face="News Gothic MT">205 AL Alabama </font><font
  face="News Gothic MT" size="1">(Birmingham, Tuscaloosa and central and western Alabama)<strong>&lt;Central Time
  Zone&gt;</strong></font></p>
  <p align="left"><font size="2" face="News Gothic MT">206 WA Washington </font><font
  face="News Gothic MT" size="1">(Seattle, Sea-Tac, Ballard, Madison, Capitol
  Hill and central Seattle neighborhoods)<strong>&lt;Pacific Time Zone&gt;</strong></font></p>
  <p align="left"><font size="2" face="News Gothic MT">207 ME Maine </font><font
  face="News Gothic MT" size="1">(all of Maine)<strong>&lt;Eastern Time Zone&gt;</strong></font></p>
  <p align="left"><font size="2" face="News Gothic MT">208 ID Idaho </font><font
  face="News Gothic MT" size="1">(all of Idaho)<strong>&lt;Mountain &amp; Pacific Time
  Zones&gt;</strong></font></p>
  <p align="left"><font size="2" face="News Gothic MT">209 CA California </font><font
  face="News Gothic MT" size="1">(Stockton, Merced, Modesto, San Andreas and central California)<strong>&lt;Pacific
  Time Zone&gt;</strong></font></p>
  <p align="left"><font size="2" face="News Gothic MT">210 TX Texas </font><font
  face="News Gothic MT" size="1">(San Antonio area)<strong>&lt;Central Time Zone&gt;</strong></font></p>
  <p align="left"><img src="new.gif" alt="new.gif (1000 bytes)" width="36" height="12"><font size="2" face="News Gothic MT">211 
	COMMUNITY INFORMATION AND REFERRAL SERVICES</font></p>
  <p align="left"><font size="2" face="News Gothic MT">212 NY New York </font><font
  face="News Gothic MT" size="1">(New York City Manhattan area, overlays with 646 and 917)<strong>&lt;Eastern Time Zone&gt;</strong></font></p>
  <p align="left"><font size="2" face="News Gothic MT">213 CA California </font><font
  face="News Gothic MT" size="1">(Downtown Los Angeles area only)<strong>&lt;Pacific Time
  Zone&gt;</strong></font></p>
  <p align="left"><font size="2" face="News Gothic MT">214 TX Texas </font><font
  face="News Gothic MT" size="1">(Dallas area, overlays with 469 and 972)<strong>&lt;Central
  Time Zone&gt;</strong></font></p>
  <p align="left"><font size="2" face="News Gothic MT">215 PA Pennsylvania </font><font
  face="News Gothic MT" size="1">(Philadelphia area, overlays with 267 and 445)<strong>&lt;Eastern
  Time Zone&gt;</strong></font></p>
  <p align="left"><font size="2" face="News Gothic MT">216 OH Ohio </font><font
  face="News Gothic MT" size="1">(Cleveland area)<strong>&lt;Eastern Time
  Zone&gt;</strong></font></p>
  <p align="left"><font size="2" face="News Gothic MT">217 IL Illinois </font><font
  face="News Gothic MT" size="1">(Champaign, Decatur, Urbana, Springfield and central Illinois)<strong>&lt;Central
  Time Zone&gt;</strong></font></p>
  <p align="left"><font size="2" face="News Gothic MT">218 MN Minnesota </font><font
  face="News Gothic MT" size="1">(Duluth, Thief River Falls, Brainerd,
  International Falls and northern Minnesota)<strong>&lt;Central Time
  Zone&gt;</strong></font></p>
  <p align="left"><font size="2" face="News Gothic MT">219 IN Indiana </font><font
  face="News Gothic MT" size="1">(Gary, Valparaiso, Michigan City, Goodland,
  Fowler and northwestern
  Indiana)<strong>&lt;Central Time Zone&gt;</strong></font></p>
  <p align="left"><font size="2" face="News Gothic MT">224 IL Illinois </font><font
  face="News Gothic MT" size="1">(Waukegan, Des Plaines, northwest Chicago
  suburbs and northeastern Illinois, overlays with 847)<strong>&lt;Central Time Zone&gt;</strong></font></p>
  <p align="left"><font size="2" face="News Gothic MT">225 LA Louisiana </font><font
  face="News Gothic MT" size="1">(Baton Rouge, New Roads, White Castle and central eastern Louisiana)<strong>&lt;Central
  Time Zone&gt;</strong></font></p>
  <p align="left"><font size="2" face="News Gothic MT">226 ON Ontario </font><font
  face="News Gothic MT" size="1">(London, Windsor and southwestern Ontario,
  overlays with 519)<strong>&lt;Eastern
  Time Zone&gt;</strong></font></p>
  <p align="left"><font
  size="2" face="News Gothic MT">228 MS Mississippi </font><font face="News Gothic MT"
  size="1">(Gulfport, Pascagoula, Biloxi, Bay St Louis and southern Mississippi
  gulf coast)<strong>&lt;Central Time
  Zone&gt;</strong></font></p>
  <p align="left"><font size="2" face="News Gothic MT">229 GA Georgia </font><font
  face="News Gothic MT" size="1">(Albany, Valdosta, Bainbridge, Americus, Fitzgerald and
  southwestern Georgia)<strong>&lt;Eastern
  Time Zone&gt;</strong></font></p>
  <p align="left"><font
  size="2" face="News Gothic MT">231 MI Michigan </font><font face="News Gothic MT" size="1">(Traverse
  City, Ludington, Muskegon, Petoskey and northwestern Michigan)<strong>&lt;Eastern Time Zone&gt;</strong></font></p>
  <p align="left"><font size="2" face="News Gothic MT">234 OH Ohio </font><font
  face="News Gothic MT" size="1">(Youngstown, Warren, Akron, Canton and
  northeastern Ohio, overlays with 330)<strong>&lt;Eastern
  Time Zone&gt;</strong></font></p>
  <p align="left"><font size="2" face="News Gothic MT">239 FL Florida </font><font
  face="News Gothic MT" size="1">(Fort Meyers, Naples, Everglades and
  southwestern Florida)<strong>&lt;Eastern Time Zone&gt;</strong></font></p>
  <p align="left"><font size="2" face="News Gothic MT">240 MD Maryland </font><font
  face="News Gothic MT" size="1">(Hagerstown, Rockville, Cumberland and western Maryland, overlays with
  301)<strong>&lt;Eastern Time Zone&gt;</strong></font></p>
  <p align="left"><font size="2" face="News Gothic MT">242 BAHAMAS </font><font
  face="News Gothic MT" size="1">(Nassau, Freeport, Matthew Town and all of Bahamas)<strong>&lt;Atlantic Time Zone
  (one hour later than Eastern)&gt;</strong></font></p>
  <p align="left"><font size="2" face="News Gothic MT">246 BARBADOS </font><font
  face="News Gothic MT" size="1">(Bridgetown, Bathsheba and all of Barbados)<strong>&lt;Atlantic Time Zone
  (one hour later than Eastern)&gt;</strong></font></p>
  <p align="left"><font size="2" face="News Gothic MT">248 MI Michigan </font><font
  face="News Gothic MT" size="1">(Troy, Oakland County, Pontiac,
  Southfield, Rochester Hills and northwestern Detroit suburbs, overlays with
  947)<strong>&lt;Eastern Time Zone&gt;</strong></font></p>
  <p align="left"><img src="new.gif" alt="new.gif (1000 bytes)" width="36" height="12"><font size="2" face="News Gothic MT">249 ON Ontario </font><font
  face="News Gothic MT" size="1">(North Bay and northeastern Ontario, overlays 
	with 705)<strong>&lt;Eastern
  Time Zone&gt;</strong></font></p>
  <p align="left"><font size="2" face="News Gothic MT">250 BC British Columbia </font><font
  face="News Gothic MT" size="1">(all except Vancouver area)<strong>&lt;Mountain &amp;
  Pacific Time Zones&gt;</strong></font></p>
  <p align="left"><font size="2" face="News Gothic MT">251 AL Alabama </font><font
  face="News Gothic MT" size="1">(Mobile, Jackson and southwestern Alabama)<strong>&lt;Central Time
  Zone&gt;</strong></font></p>
  <p align="left"><font size="2" face="News Gothic MT">252 NC North Carolina </font><font
  face="News Gothic MT" size="1">(Greenville, Kitty Hawk, Rocky Mount and
  northeastern North Carolina)</font><font
  size="2" face="News Gothic MT">&lt;</font><font face="News Gothic MT" size="1"><strong>Eastern
  Time Zone&gt;</strong></font></p>
  <p align="left"><font size="2" face="News Gothic MT">253 WA Washington </font><font
  face="News Gothic MT" size="1">(Tacoma, Auburn, Puyallup, Enumclaw, Spanaway and south Seattle suburbs)<strong>&lt;Pacific
  Time Zone&gt;</strong></font></p>
  <p align="left"><font size="2" face="News Gothic MT">254 TX Texas </font><font
  face="News Gothic MT" size="1">(Waco, Killeen, Belton, Stephenville and north central Texas)<strong>&lt;Central
  Time Zone&gt;</strong></font></p>
  <p align="left"><font size="2" face="News Gothic MT">256 AL Alabama </font><font
  face="News Gothic MT" size="1">(Florence, Huntsville, Gadsden, Anniston and northern
  and eastern Alabama, overlays with 938)<strong>&lt;Central Time Zone&gt;</strong></font></p>
  <p align="left"><font size="2" face="News Gothic MT">260 IN Indiana </font><font
  face="News Gothic MT" size="1">(Fort Wayne, Decatur, Angola, Wabash and
  northeastern
  Indiana)<strong>&lt;Eastern Time Zone&gt;</strong></font></p>
  <p align="left"><font size="2" face="News Gothic MT">262
  WI Wisconsin </font><font
  face="News Gothic MT" size="1">(Menomonee Falls, Waukesha, Racine and
  southeastern Wisconsin excluding Milwaukee area)<strong>&lt;Central Time Zone&gt;</strong></font></p>
  <p align="left"><font size="2" face="News Gothic MT">264 ANGUILLA </font><font
  face="News Gothic MT" size="1">(The Valley, Blowing Point Village and all of Anguilla)<strong>&lt;Atlantic Time Zone
  (one hour later than Eastern)&gt;</strong></font></p>
  <p align="left"><font size="2" face="News Gothic MT">267 PA Pennsylvania </font><font
  face="News Gothic MT" size="1">(Philadelphia area, overlays with 215 and 445)<strong>&lt;Eastern
  Time Zone&gt;</strong></font></p>
  <p align="left"><font size="2" face="News Gothic MT">268 ANTIGUA and BARBUDA </font><font
  face="News Gothic MT" size="1">(St Johns, English Harbour Town and all of Antigua and Barbuda)<strong>&lt;Atlantic Time Zone
  (one hour later than Eastern)&gt;</strong></font></p>
<p align="left"><font size="2" face="News Gothic MT">269 MI Michigan </font><font
  face="News Gothic MT" size="1">(Battle Creek, Benton Harbor, Allegan,
Hastings, Kalamazoo, St Joseph, and southwestern
  Michigan)<strong>&lt;Eastern Time Zone&gt;</strong></font></p>
  <p align="left"><font
  size="2" face="News Gothic MT">270 KY Kentucky </font><font face="News Gothic MT" size="1">(Paducah,
  Bowling Green, Hopkinsville, Owensboro and western Kentucky)<strong>&lt;Central Time Zone&gt;</strong></font></p>
  <p align="left"><font size="2" face="News Gothic MT">276 VA Virginia </font><font
  face="News Gothic MT" size="1">(Abingdon, Wytheville, Martinsville, Bluefield and western Virginia)<strong>&lt;Eastern Time Zone&gt;</strong></font></p>
  <p align="left"><font size="2" face="News Gothic MT">281 TX Texas </font><font
  face="News Gothic MT" size="1">(Spring, Katy, Houston area, overlays with 713 and 832)<strong>&lt;Central
  Time Zone&gt;</strong></font></p>
  <p align="left"><font size="2" face="News Gothic MT">284 BRITISH VIRGIN ISLANDS </font><font
  face="News Gothic MT" size="1">(Road Town and all of the British Virgin Islands)<strong>&lt;Atlantic
  Time Zone (one hour later than Eastern)&gt;</strong></font></p>
  <p align="left"><font size="2" face="News Gothic MT">289 ON Ontario </font><font
  face="News Gothic MT" size="1">(Hamilton, Toronto suburbs and central southeastern
  Ontario, overlays with 905)<strong>&lt;Eastern
  Time Zone&gt;</strong></font></p>

<table border="2" height="55" width="518" bordercolor="#FF0000">
    <tr>
      <td height="51" valign="middle" width="156" align="left"><p align="left"><font
      color="#000000" face="Arial"><strong><font size="2">LOWEST RATES!</font><small><small><small><br>
      </small></small></small><font size="2">HIGHEST PAYOUT!</font><font size="1"><br>
      </font><font size="2">FASTEST ACTIVATION!</font></strong></font></td>
      <td height="51" valign="bottom" width="354" bgcolor="#FFFF00" align="left"><font
      face="Placard Condensed" size="4"><p align="center"></font><a href="http://www.best900.com"><font face="Haettenschweiler" color="#000080" size="5">C</font><font face="Haettenschweiler" color="#000080" size="4">LICK
        </font><font face="Haettenschweiler" color="#000080" size="5">H</font><font face="Haettenschweiler" color="#000080" size="4">ERE</font></a><font face="Haettenschweiler" color="#000080" size="4">
        FOR </font><font face="Haettenschweiler" color="#000080" size="6">A</font><font face="Haettenschweiler" color="#000080" size="5">MERICA'S</font><font
      size="4" face="Haettenschweiler" color="#000080"> </font><font face="Haettenschweiler" color="#000080" size="6">B</font><font face="Haettenschweiler" color="#000080" size="5">EST</font><font
      size="4" face="Haettenschweiler" color="#000080"> </font><font face="Haettenschweiler" color="#000080" size="6">900</font><font
      size="4" face="Haettenschweiler" color="#000080"> </font><font face="Haettenschweiler" color="#000080" size="6">N</font><font face="Haettenschweiler" color="#000080" size="5">UMBERS!</font><font face="Haettenschweiler" color="#000080" size="2">sm</font></td>
    </tr>
  </table>

  <p align="left"><font size="2" face="News Gothic MT">301 MD Maryland </font><font
  face="News Gothic MT" size="1">(Hagerstown, Rockville, Cumberland and western Maryland, overlays with
  240)<strong>&lt;Eastern Time Zone&gt;</strong></font></p>
  <p align="left"><font size="2" face="News Gothic MT">302 DE Delaware </font><font
  face="News Gothic MT" size="1">(all of Delaware)<strong>&lt;Eastern Time Zone&gt;</strong></font></p>
  <p align="left"><font size="2" face="News Gothic MT">303 CO Colorado </font><font
  face="News Gothic MT" size="1">(Boulder, Longmont, Aurora, Denver and central
  Colorado, overlays with
  720)<strong>&lt;Mountain Time Zone&gt;</strong></font></p>
  <p align="left"><font size="2" face="News Gothic MT">304 WV West Virginia </font><font
  face="News Gothic MT" size="1">(Charleston, Huntington, Parkersburg and all of West Virginia, 
	overlays with 681)<strong>&lt;Eastern Time Zone&gt;</strong></font></p>
  <p align="left"><font size="2" face="News Gothic MT">305 FL Florida </font><font
  face="News Gothic MT" size="1">(Miami, Homestead, Coral Gables, Key West and southeastern Florida, overlays with
  786)<strong>&lt;Eastern Time Zone&gt;</strong></font></p>
  <p align="left"><font size="2" face="News Gothic MT">306 SK Saskatchewan </font><font
  face="News Gothic MT" size="1">(all of Saskatchewan)<strong>&lt;Central &amp; Mountain
  Time Zones&gt;</strong></font></p>
  <p align="left"><font size="2" face="News Gothic MT">307 WY Wyoming </font><font
  face="News Gothic MT" size="1">(all of Wyoming)<strong>&lt;Mountain Time Zone&gt;</strong></font></p>
  <p align="left"><font size="2" face="News Gothic MT">308 NE Nebraska </font><font
  face="News Gothic MT" size="1">(North Platte, Scottsbluff, McCook, Grand
  Island and western Nebraska)<strong>&lt;Central
  &amp; Mountain Time Zones&gt;</strong></font></p>
  <p align="left"><font size="2" face="News Gothic MT">309 IL Illinois </font><font
  face="News Gothic MT" size="1">(Peoria, Moline, Rock Island, Galesburg and central western Illinois)<strong>&lt;Central
  Time Zone&gt;</strong></font></p>
  <p align="left"><font size="2" face="News Gothic MT">310 CA California </font><font
  face="News Gothic MT" size="1">(Malibu, Torrance, Beverley Hills, Santa
  Monica, Catalina and western Los Angeles suburbs, overlays with 424)<strong>&lt;Pacific Time Zone&gt;</strong></font></p>
  <p align="left"><font size="2" face="News Gothic MT">311 NON-EMERGENCY POLICE 
	AND OTHER GOVERNMENTAL SERVICES</font></p>
  <p align="left"><font size="2" face="News Gothic MT">312 IL Illinois </font><font
  face="News Gothic MT" size="1">(downtown central Chicago area, overlays with 
	872)<strong>&lt;Central Time
  Zone&gt;</strong></font></p>
  <p align="left"><font size="2" face="News Gothic MT">313 MI Michigan </font><font
  face="News Gothic MT" size="1">(Dearborn, Detroit and inner Detroit suburbs)<strong>&lt;Eastern
  Time Zone&gt;</strong></font></p>
  <p align="left"><font size="2" face="News Gothic MT">314 MO Missouri </font><font
  face="News Gothic MT" size="1">(St Louis, Florissant, Crestwood, Affton and surrounding suburbs)<strong>&lt;Central
  Time Zone&gt;</strong></font></p>
  <p align="left"><font size="2" face="News Gothic MT">315 NY New York </font><font
  face="News Gothic MT" size="1">(Watertown, Utica, Syracuse and north central New York)<strong>&lt;Eastern
  Time Zone&gt;</strong></font></p>
  <p align="left"><font size="2" face="News Gothic MT">316 KS Kansas </font><font
  face="News Gothic MT" size="1">( Wichita, Augusta, El Dorado, Mulvane and the
  Wichita surrounding area)<strong>&lt;Central Time Zone&gt;</strong></font></p>
  <p align="left"><font size="2" face="News Gothic MT">317 IN Indiana </font><font
  face="News Gothic MT" size="1">(Indianapolis, Greenwood, Mooresville, Beech
  Grove and central Indiana)<strong>&lt;Eastern Time Zone&gt;</strong></font></p>
  <p align="left"><font size="2" face="News Gothic MT">318 LA Louisiana </font><font
  face="News Gothic MT" size="1">(Shreveport, Monroe, Alexandria, Fisher,
  Tallulah and northern
  Louisiana)<strong>&lt;Central
  Time Zone&gt;</strong></font></p>
  <p align="left"><font size="2" face="News Gothic MT">319 IA Iowa </font><font face="News Gothic MT" size="1">(Burlington,
  Iowa City, Cedar Rapids, Waterloo and east central and southeastern Iowa)<strong>&lt;Central
  Time Zone&gt;</strong></font></p>
  <p align="left"><font size="2" face="News Gothic MT">320 MN Minnesota </font><font
  face="News Gothic MT" size="1">(St Cloud, Morris, Hutchinson, Sandstone,
  Appleton and central Minnesota)<strong>&lt;Central Time Zone&gt;</strong></font></p>
  <p align="left"><font
  size="2" face="News Gothic MT">321 FL Florida </font><font face="News Gothic MT" size="1">(Orlando,
  Cocoa Beach, St Cloud
  and central eastern Florida, overlays with 407)<strong>&lt;Eastern Time Zone&gt;</strong></font></p>
  <p align="left"><font size="2" face="News Gothic MT">323 CA California </font><font
  face="News Gothic MT" size="1">(Florence and Los Angeles excluding downtown Los Angeles)<strong>&lt;Pacific
  Time Zone&gt;</strong></font></p>
  <p align="left"><font size="2" face="News Gothic MT">325 TX Texas </font><font
  face="News Gothic MT" size="1">(Abilene, San Angelo, Albany, Comanche, Snyder,
  Ozona and west central Texas)<strong>&lt;Central Time Zone&gt;</strong></font></p>
  <p align="left"><font size="2" face="News Gothic MT">330 OH Ohio </font><font
  face="News Gothic MT" size="1">(Youngstown, Warren, Akron, Canton and
  northeastern Ohio, overlays with 234)<strong>&lt;Eastern
  Time Zone&gt;</strong></font></p>
  <p align="left"><font size="2" face="News Gothic MT">331 IL Illinois </font><font
  face="News Gothic MT" size="1">(Aurora, Batavia, Geneva and western Chicago
  suburbs, overlays with 630)<strong>&lt;Central Time Zone&gt;</strong></font></p>
  <p align="left"><font size="2" face="News Gothic MT">334 AL Alabama </font><font
  face="News Gothic MT" size="1">( Montgomery, Auburn, Dothan, Selma and
  southeastern Alabama)<strong>&lt;Central Time
  Zone&gt;</strong></font></p>
  <p align="left"><font size="2" face="News Gothic MT">336 NC North Carolina </font><font
  face="News Gothic MT" size="1">(Winston-Salem, Greensboro, North Wilkesboro and northwest North Carolina)<strong>&lt;Eastern
  Time Zone&gt;</strong></font></p>
  <p align="left"><font size="2" face="News Gothic MT">337
  LA Louisiana </font><font
  face="News Gothic MT" size="1">(Leesville, Lake Charles, Lafayette, De Ridder and
  southwestern Louisiana)<strong>&lt;Central
  Time Zone&gt;</strong></font></p>
  <p align="left"><font size="2" face="News Gothic MT">339 MA Massachusetts </font><font
  face="News Gothic MT" size="1">(Saugus, Norwood and east central
  Massachusetts, overlays with 781)<strong>&lt;Eastern
  Time Zone&gt;</strong></font></p>
  <p align="left"><font size="2" face="News Gothic MT">340 US VIRGIN ISLANDS </font><font
  face="News Gothic MT" size="1">(Christiansted, Charlotte Amalie, Cruz Bay and all of the US Virgin Islands)<strong>&lt;Atlantic Time
  Zone&gt;</strong></font></p>
  <p align="left"><img src="new.gif" alt="new.gif (1000 bytes)" width="36" height="12"><font size="2" face="News Gothic MT">343 ON Ontario </font><font
  face="News Gothic MT" size="1">(Ottawa and southeastern Ontario, overlays with 
	613)<strong>&lt;Eastern Time
  Zone&gt;</strong></font></p>
  <p align="left"><font size="2" face="News Gothic MT">345 CAYMAN ISLANDS </font><font
  face="News Gothic MT" size="1">(George Town and all of the Cayman Islands)<strong>&lt;Eastern Time
  Zone&gt;</strong></font></p>
  <p align="left"><font size="2" face="News Gothic MT">347 NY New York </font><font
  face="News Gothic MT" size="1">(Flushing, Jamaica, Brooklyn, Staten Island, Bronx and Queens,
  overlays with 718, 917 and 929)<strong>&lt;Eastern
  Time Zone&gt;</strong></font></p>
  <p align="left"><font size="2" face="News Gothic MT">351 MA Massachusetts </font><font
  face="News Gothic MT" size="1">(Fitchburg, Peabody and northeastern
  Massachusetts, overlays with 978)<strong>&lt;Eastern
  Time Zone&gt;</strong></font></p>
  <p align="left"><font size="2" face="News Gothic MT">352 FL Florida </font><font
  face="News Gothic MT" size="1">(Gainesville, Ocala, Inverness, Dunnellon and central Florida)<strong>&lt;Eastern Time
  Zone&gt;</strong></font></p>
  <p align="left"><font size="2" face="News Gothic MT">360 WA Washington </font><font
  face="News Gothic MT" size="1">(Bellingham, Vancouver, Aberdeen, Olympia and
  western Washington except Seattle area)<strong>&lt;Pacific
  Time Zone&gt;</strong></font></p>
  <p align="left"><font
  size="2" face="News Gothic MT">361 TX Texas </font><font face="News Gothic MT" size="1">(Corpus
  Christi, Victoria, George West and southeastern Texas)<strong>&lt;Central Time Zone&gt;</strong></font></p>
  <p align="left"><font size="2" face="News Gothic MT">385 UT Utah </font><font
  face="News Gothic MT" size="1">(North and south of Salt Lake City including
  Ogden, Provo, Bountiful and Spanish Fork)<strong>&lt;Mountain
  Time Zone&gt;</strong></font></p>
  <p align="left"><font size="2" face="News Gothic MT">386 FL Florida </font><font
  face="News Gothic MT" size="1">(Daytona Beach, Lake City, Live Oak, Crescent
  City and northern and eastern Florida)<strong>&lt;Eastern Time
  Zone&gt;</strong></font></p>
  <p align="left"><a href="http://www.christiancafe.com/guests/join/ad/index.jsp?id=25013"><img border="0" src="images/468x60-ChristianSingleFreeTrial-Animated1[1].gif" width="468" height="60"></a>&nbsp;</p>
  <p align="left"><font size="2" face="News Gothic MT">401 RI Rhode Island </font><font
  face="News Gothic MT" size="1">(all of Rhode Island)<strong>&lt;Eastern Time Zone&gt;</strong></font></p>
  <p align="left"><font size="2" face="News Gothic MT">402 NE Nebraska </font><font
  face="News Gothic MT" size="1">(Valentine, Lincoln, Norfolk, Omaha, Superior,
  Crofton and eastern Nebraska)<strong>&lt;Central
  Time Zone&gt;</strong></font></p>
  <p align="left"><font size="2" face="News Gothic MT">403 AB Alberta </font><font
  face="News Gothic MT" size="1">(Calgary, Banff, Red Deer, Medicine Hat, Lethbridge and
  southern Alberta, overlays with 587)<strong>&lt;Mountain Time Zone&gt;</strong></font></p>
  <p align="left"><font size="2" face="News Gothic MT">404 GA Georgia </font><font
  face="News Gothic MT" size="1">(central Atlanta area, overlays with 470 and 678)<strong>&lt;Eastern
  Time Zone&gt;</strong></font></p>
  <p align="left"><font size="2" face="News Gothic MT">405 OK Oklahoma </font><font
  face="News Gothic MT" size="1">(Oklahoma City, Edmond, Norman, Shawnee,
  Chickasha and central Oklahoma)<strong>&lt;Central
  Time Zone&gt;</strong></font></p>
  <p align="left"><font size="2" face="News Gothic MT">406 MT Montana </font><font
  face="News Gothic MT" size="1">(all of Montana)<strong>&lt;Mountain Time Zone&gt;</strong></font></p>
  <p align="left"><font size="2" face="News Gothic MT">407 FL Florida </font><font
  face="News Gothic MT" size="1">(Orlando, Cocoa Beach, St Cloud
  and central eastern Florida, overlays with 321)<strong>&lt;Eastern
  Time Zone&gt;</strong></font></p>
  <p align="left"><font size="2" face="News Gothic MT">408 CA California </font><font
  face="News Gothic MT" size="1">(Los Gatos, Milpitas, Sunnyvale, Cupertino and
  San Jose area)<strong>&lt;Pacific Time Zone&gt;</strong></font></p>
  <p align="left"><font size="2" face="News Gothic MT">409 TX Texas </font><font
  face="News Gothic MT" size="1">(Beaumont, Galveston, Port Arthur, Jasper and southeastern Texas)<strong>&lt;Central
  Time Zone&gt;</strong></font></p>
  <p align="left"><font size="2" face="News Gothic MT">410 MD Maryland </font><font
  face="News Gothic MT" size="1">(Annapolis, Baltimore, Salisbury and eastern Maryland, overlays with
  443)<strong>&lt;Eastern Time Zone&gt;</strong></font></p>
  <p align="left"><font size="2" face="News Gothic MT">411 LOCAL DIRECTORY ASSISTANCE</font></p>
  <p align="left"><font size="2" face="News Gothic MT">412 PA Pennsylvania </font><font
  face="News Gothic MT" size="1">(Pittsburgh area, McKeesport, Braddock,
  Duquesne, overlays with 878)<strong>&lt;Eastern Time Zone&gt;</strong></font></p>
  <p align="left"><font size="2" face="News Gothic MT">413 MA Massachusetts </font><font
  face="News Gothic MT" size="1">(Pittsfield, Springfield, Holyoke, Greenfield and western Massachusetts)<strong>&lt;Eastern
  Time Zone&gt;</strong></font></p>
  <p align="left"><font size="2" face="News Gothic MT">414 WI Wisconsin </font><font
  face="News Gothic MT" size="1">(Milwaukee, Greenfield, Oak Creek and Milwaukee
  suburbs)<strong>&lt;Central Time Zone&gt;</strong></font></p>
  <p align="left"><font size="2" face="News Gothic MT">415 CA California </font><font
  face="News Gothic MT" size="1">(Sausalito, San Rafael, Novato, San Quentin,
  San Francisco and bay area)<strong>&lt;Pacific Time
  Zone&gt;</strong></font></p>
  <p align="left"><font size="2" face="News Gothic MT">416 ON Ontario </font><font
  face="News Gothic MT" size="1">(Toronto area, overlays with 647)<strong>&lt;Eastern Time Zone&gt;</strong></font></p>
  <p align="left"><font size="2" face="News Gothic MT">417 MO Missouri </font><font
  face="News Gothic MT" size="1">(Joplin, Springfield, West Plains, Lamar,
  Lebanon and southwestern Missouri)<strong>&lt;Central
  Time Zone&gt;</strong></font></p>
  <p align="left"><font size="2" face="News Gothic MT">418 QC Quebec </font><font
  face="News Gothic MT" size="1">(Quebec and eastern Quebec, overlays with 581)<strong>&lt;Eastern Time
  Zone&gt;</strong></font></p>
  <p align="left"><font size="2" face="News Gothic MT">419 OH Ohio </font><font
  face="News Gothic MT" size="1">(Toledo, Mansfield, Lima, Bryan, Sandusky,
  Bowling Green and northwestern Ohio, overlays with 567)<strong>&lt;Eastern Time
  Zone&gt;</strong></font></p>
  <p align="left"><font size="2" face="News Gothic MT">423 TN Tennessee </font><font
  face="News Gothic MT" size="1">(Bristol, Sweetwater, Chattanooga, and
  southeastern and north eastern Tennessee)<strong>&lt;Central
  &amp; Eastern Time Zones&gt;</strong></font></p>
  <p align="left"><font size="2" face="News Gothic MT">424 CA California </font><font
  face="News Gothic MT" size="1">(Malibu, Torrance, Beverley Hills, Santa
  Monica, Catalina and western Los Angeles suburbs, overlays with 310)<strong>&lt;Pacific Time Zone&gt;</strong></font></p>
  <p align="left"><font size="2" face="News Gothic MT">425 WA Washington </font><font
  face="News Gothic MT" size="1">(north and east Seattle suburbs including
  Everett, Bellevue, Redmond, Renton and Issaquah)<strong>&lt;Pacific
  Time Zone&gt;</strong></font></p>
  <p align="left"><font size="2" face="News Gothic MT">430 TX Texas </font><font
  face="News Gothic MT" size="1">(Tyler, Sherman, Longview, Palestine and northeastern
  Texas, overlays with 903)<strong>&lt;Central Time
  Zone&gt;</strong></font></p>
  <p align="left"><font size="2" face="News Gothic MT">432 TX Texas </font><font
  face="News Gothic MT" size="1">(Alpine, Midland, Odessa, Big Bend, Seminole,
  Comstock and west central Texas)<strong>&lt;
  Central Time Zone&gt;</strong></font></p>
  <p align="left"><font size="2" face="News Gothic MT">434 VA Virginia </font><font
  face="News Gothic MT" size="1">(Lynchburg, Danville, South Hill,
  Charlottesville and south central Virginia)<strong>&lt;Eastern Time Zone&gt;</strong></font></p>
  <p align="left"><font size="2" face="News Gothic MT">435 UT Utah </font><font
  face="News Gothic MT" size="1">(Logan, St George, Moab and all of Utah excluding Salt Lake City, Ogden, Provo
  and central Utah)<strong>&lt;Mountain Time Zone&gt;</strong></font></p>
  <p align="left"><font size="2" face="News Gothic MT">438 QC Quebec </font><font
  face="News Gothic MT" size="1">(Montreal area, overlays with 514)<strong>&lt;Eastern Time Zone&gt;</strong></font></p>
  <p align="left"><font size="2" face="News Gothic MT">440 OH Ohio </font><font
  face="News Gothic MT" size="1">(Elyria, Lorain, Oberlin, Wellington and north
  central Ohio)<strong>&lt;Eastern
  Time Zone&gt;</strong></font></p>
  <p align="left"><font size="2" face="News Gothic MT">441 BERMUDA </font><font
  face="News Gothic MT" size="1">(Hamilton, Dockside, Somerset and all of Bermuda)<strong>&lt;Atlantic Time Zone&gt;</strong></font></p>
  <p align="left"><img src="new.gif" alt="new.gif (1000 bytes)" width="36" height="12"><font size="2" face="News Gothic MT">442 CA California </font><font
  face="News Gothic MT" size="1">(Bishop, Ridgecrest, Indio, Barstow, El Centro, Palm
  Springs and southeastern
  California, overlays with 760)<strong>&lt;Pacific
  Time Zone&gt;</strong></font></p>
  <p align="left"><font size="2" face="News Gothic MT">443 MD Maryland </font><font
  face="News Gothic MT" size="1">(Annapolis, Baltimore, Salisbury and eastern Maryland, overlays with
  410)<strong>&lt;Eastern Time Zone&gt;</strong></font></p>
  <p align="left"><font size="2" face="News Gothic MT">450 QC Quebec </font><font
  face="News Gothic MT" size="1">(central southern Quebec excluding Montreal, 
	overlays with 579)<strong>&lt;Eastern
  Time Zone&gt;</strong></font></p>
  <p align="left"><font size="2" face="News Gothic MT">456 INTERNATIONAL INBOUND</font></p>
  <p align="left"><img src="new.gif" alt="new.gif (1000 bytes)" width="36" height="12"><font size="2" face="News Gothic MT">458 OR Oregon </font><font
  face="News Gothic MT" size="1">(Medford, Eugene, Ontario, Burns and all of Oregon except
  northwestern Oregon, overlays with 541)<strong>&lt;Mountain
  &amp; Pacific Time Zones&gt;</strong></font></p>
  <p align="left"><font size="2" face="News Gothic MT">469 TX Texas </font><font
  face="News Gothic MT" size="1">(Dallas area, overlays with 214 and 972)<strong>&lt;Central
  Time Zone&gt;</strong></font></p>
  <p align="left"><font size="2" face="News Gothic MT">470 GA Georgia </font><font
  face="News Gothic MT" size="1">(Atlanta, Gainesville and north central
  Georgia, overlays with 404 and 678 and 770)<strong>&lt;Eastern
  Time Zone&gt;</strong></font></p>
  <p align="left"><font size="2" face="News Gothic MT">473 GRENADA </font><font
  face="News Gothic MT" size="1">(Saint George's, Hillsborough, Gouyave and all of Grenada)<strong>&lt;Atlantic Time Zone
  (one hour later than Eastern)&gt;</strong></font></p>
  <p align="left"><font size="2" face="News Gothic MT">475 CT Connecticut </font><font
  face="News Gothic MT" size="1">( Bridgeport, New Haven, Waterbury and
  southwestern Connecticut, overlays with 203)<strong>&lt;Eastern Time Zone&gt;</strong></font></p>
  <p align="left"><font size="2" face="News Gothic MT">478 GA Georgia </font><font
  face="News Gothic MT" size="1">(Macon, Warner Robins, Swainsboro, Wadley, Milledgeville, Perry and central Georgia)<strong>&lt;Eastern
  Time Zone&gt;</strong></font></p>
  <p align="left"><font size="2" face="News Gothic MT">479 AR Arkansas </font><font
  face="News Gothic MT" size="1">(Fort Smith, Fayetteville and northwestern Arkansas)<strong>&lt;Central
  Time Zone&gt;</strong></font></p>
  <p align="left"><font
  size="2" face="News Gothic MT">480 AZ Arizona </font><font face="News Gothic MT" size="1">(Chandler,
  eastern
  Phoenix area and eastern Phoenix suburbs only)<strong>&lt;Mountain &amp;
  Pacific Time Zones&gt;</strong></font></p>
  <p align="left"><font size="2" face="News Gothic MT">484 PA Pennsylvania </font><font
  face="News Gothic MT" size="1">(Reading, Allentown, Chester and southeastern Pennsylvania, overlays with
  610)<strong>&lt;Eastern
  Time Zone&gt;</strong></font></p>
  <p align="left"><font size="2" face="News Gothic MT">500 PERSONAL COMMUNICATIONS SERVICES</font></p>
  <p align="left"><font size="2" face="News Gothic MT">501 AR Arkansas </font><font
  face="News Gothic MT" size="1">(Little Rock, Hot Springs and central Arkansas)<strong>&lt;Central
  Time Zone&gt;</strong></font></p>
  <p align="left"><font size="2" face="News Gothic MT">502 KY Kentucky </font><font
  face="News Gothic MT" size="1">(Louisville, Frankfort, Shelbyville and north central
  Kentucky)<strong>&lt;Eastern Time Zone&gt;</strong></font></p>
  <p align="left"><font size="2" face="News Gothic MT">503 OR Oregon </font><font
  face="News Gothic MT" size="1">(Portland, Salem, Tillamook, Astoria and northwestern Oregon,
  overlays with 971)<strong>&lt;Pacific
  Time Zone&gt;</strong></font></p>
  <p align="left"><font size="2" face="News Gothic MT">504 LA Louisiana </font><font
  face="News Gothic MT" size="1">(New Orleans, Kenner, Metairie and surrounding
  areas)<strong>&lt;Central
  Time Zone&gt;</strong></font></p>
  <p align="left"><font size="2" face="News Gothic MT">505 NM New Mexico </font><font
  face="News Gothic MT" size="1">(Albuquerque, Farmington, Gallup, Santa Fe and 
	northwestern New Mexico)<strong>&lt;Mountain Time Zone&gt;</strong></font></p>
  <p align="left"><font size="2" face="News Gothic MT">506 NB New Brunswick </font><font
  face="News Gothic MT" size="1">(all of New Brunswick)<strong>&lt;Atlantic Time Zone&gt;</strong></font></p>
  <p align="left"><font size="2" face="News Gothic MT">507 MN Minnesota </font><font
  face="News Gothic MT" size="1">(Rochester, Mankato, Worthington, Marshall and southern Minnesota)<strong>&lt;Central Time
  Zone&gt;</strong></font></p>
  <p align="left"><font size="2" face="News Gothic MT">508 MA Massachusetts </font><font
  face="News Gothic MT" size="1">(Worcester, New Bedford and southeastern
  Massachusetts, overlays with 774)<strong>&lt;Eastern Time Zone&gt;</strong></font></p>
  <p align="left"><font size="2" face="News Gothic MT">509 WA Washington </font><font
  face="News Gothic MT" size="1">(Spokane, Yakima, Walla Walla, Moses Lake,
  Ellensburg and eastern Washington)<strong>&lt;Pacific Time
  Zone&gt;</strong></font></p>
  <p align="left"><font size="2" face="News Gothic MT">510 CA California </font><font
  face="News Gothic MT" size="1">(Hayward, Berkeley, Oakland, Richmond and Fremont
  areas)<strong>&lt;Pacific
  Time Zone&gt;</strong></font></p>
  <p align="left"><img src="new.gif" alt="new.gif (1000 bytes)" width="36" height="12"><font size="2" face="News Gothic MT">511 
	TRAFFIC AND TRANSPORTATION INFORMATION</font></p>
  <p align="left"><font size="2" face="News Gothic MT">512 TX Texas </font><font
  face="News Gothic MT" size="1">(Austin, Lampasas, Bastrop, Milam and central
  Texas)<strong>&lt;Central Time
  Zone&gt;</strong></font></p>
  <p align="left"><font size="2" face="News Gothic MT">513 OH Ohio </font><font
  face="News Gothic MT" size="1">(Cincinnati, Middletown, Hamilton, Norwood,
  Lebanon and southwestern Ohio)<strong>&lt;Eastern Time Zone&gt;</strong></font></p>
  <p align="left"><font size="2" face="News Gothic MT">514 QC Quebec </font><font
  face="News Gothic MT" size="1">(Montreal area, overlays with 438)<strong>&lt;Eastern Time Zone&gt;</strong></font></p>
  <p align="left"><font size="2" face="News Gothic MT">515 IA Iowa </font><font
  face="News Gothic MT" size="1">(Des Moines, Ames, Fort Dodge, Jefferson,
  Algona, Indianola and north central Iowa)<strong>&lt;Central Time
  Zone&gt;</strong></font></p>
  <p align="left"><font size="2" face="News Gothic MT">516 NY New York </font><font
  face="News Gothic MT" size="1">(Nassau County, Levittown, Hicksville,
  Massapequa and western Long Island)<strong>&lt;Eastern Time Zone&gt;</strong></font></p>
  <p align="left"><font size="2" face="News Gothic MT">517 MI Michigan </font><font
  face="News Gothic MT" size="1">(Jackson, Lansing, Howell, Deerfield, Addison and
  south central Michigan)<strong>&lt;Eastern
  Time Zone&gt;</strong></font></p>
  <p align="left"><font size="2" face="News Gothic MT">518 NY New York </font><font
  face="News Gothic MT" size="1">(Plattsburgh, Saranac Lake, Albany and
  northeastern New York)<strong>&lt;Eastern Time Zone&gt;</strong></font></p>
  <p align="left"><font size="2" face="News Gothic MT">519 ON Ontario </font><font
  face="News Gothic MT" size="1">(London, Windsor and southwestern Ontario,
  overlays with 226)<strong>&lt;Eastern Time
  Zone&gt;</strong></font></p>
  <p align="left"><font size="2" face="News Gothic MT">520 AZ Arizona </font><font
  face="News Gothic MT" size="1">(Tucson and southeastern Arizona)<strong>&lt;Mountain
  &amp; Pacific Time Zones&gt;</strong></font></p>
  <p align="left"><font size="2" face="News Gothic MT">530 CA California </font><font
  face="News Gothic MT" size="1">(Alturas, Chico, Redding, Placerville, Truckee and northeastern California)<strong>&lt;Pacific Time Zone&gt;</strong></font></p>
  <p align="left"><img src="new.gif" alt="new.gif (1000 bytes)" width="36" height="12"><font size="2" face="News Gothic MT">533 PERSONAL COMMUNICATIONS SERVICES</font></p>
  <p align="left"><img src="new.gif" alt="new.gif (1000 bytes)" width="36" height="12"><font size="2" face="News Gothic MT">534 WI Wisconsin </font><font
  face="News Gothic MT" size="1">(Rhinelander, Wausau, Eau Claire, Rice Lake,
  Ashland and northern Wisconsin, overlays with 715)<strong>&lt;Central Time Zone&gt;</strong></font></p>
  <p align="left"><img src="new.gif" alt="new.gif (1000 bytes)" width="36" height="12"><font size="2" face="News Gothic MT">539 OK Oklahoma </font><font
  face="News Gothic MT" size="1">(Tulsa, Bartlesville, McAlester, Muskogee,
  Henrietta and northeastern Oklahoma, overlays with 918)<strong>&lt;Central Time
  Zone&gt;</strong></font></p>
  <p align="left"><font size="2" face="News Gothic MT">540 VA Virginia </font><font
  face="News Gothic MT" size="1">(Roanoke, Harrisonburg, Winchester,
  Fredericksburg and northern Virginia)<strong>&lt;Eastern Time Zone&gt;</strong></font></p>
  <p align="left"><font size="2" face="News Gothic MT">541 OR Oregon </font><font
  face="News Gothic MT" size="1">(Medford, Eugene, Ontario, Burns and all of Oregon except
  northwestern Oregon, overlays with 458)<strong>&lt;Mountain
  &amp; Pacific Time Zones&gt;</strong></font></p>
  <p align="left"><img src="new.gif" alt="new.gif (1000 bytes)" width="36" height="12"><font size="2" face="News Gothic MT">544 PERSONAL COMMUNICATIONS SERVICES</font></p>
  <p align="left"><font size="2" face="News Gothic MT">551 NJ New Jersey </font><font
  face="News Gothic MT" size="1">(Hackensack, Jersey City, and northeast New
  Jersey, overlays with 201)<strong>&lt;Eastern
  Time Zone&gt;</strong></font></p>
  <p align="left"><font size="2" face="News Gothic MT">559 CA California </font><font
  face="News Gothic MT" size="1">(Fresno, Madera, Hanford, Visalia and central California)<strong>&lt;Pacific Time
  Zone&gt;</strong></font></p>
  <p align="left"><font size="2" face="News Gothic MT">561 FL Florida </font><font
  face="News Gothic MT" size="1">(West Palm Beach, Boca Raton, Boynton Beach,
  Delray Beach, Belleglade and central eastern Florida)<strong>&lt;Eastern
  Time Zone&gt;</strong></font></p>
  <p align="left"><font size="2" face="News Gothic MT">562 CA California </font><font
  face="News Gothic MT" size="1">(Long Beach, Lakewood, Bellflower and
  southwestern Los Angeles suburbs)<strong>&lt;Pacific Time Zone&gt;</strong></font></p>
  <p align="left"><font size="2" face="News Gothic MT">563 IA Iowa </font><font
  face="News Gothic MT" size="1">(Decorah, Dubuque, Clinton, Davenport and
  eastern and northeastern Iowa)<strong>&lt;Central Time
  Zone&gt;</strong></font></p>
  <p align="left"><font size="2" face="News Gothic MT">567 OH Ohio </font><font
  face="News Gothic MT" size="1">(Toledo, Mansfield, Lima, Bryan, Sandusky and northwestern
  Ohio, overlays with 419)<strong>&lt;Eastern
  Time Zone&gt;</strong></font></p>
  <p align="left"><font size="2" face="News Gothic MT">570 PA Pennsylvania </font><font
  face="News Gothic MT" size="1">(Scranton, Williamsport, Wilkes-Barre,
  Susquehanna and northeastern Pennsylvania)<strong>&lt;Eastern
  Time Zone&gt;</strong></font></p>
  <p align="left"><font size="2" face="News Gothic MT">571 VA Virginia </font><font
  face="News Gothic MT" size="1">(Alexandria, Washington DC suburbs, Arlington
  and northeastern Virginia,
  overlays with 703)<strong>&lt;Eastern
  Time Zone&gt;</strong></font></p>
  <p align="left"><font size="2" face="News Gothic MT">573 MO Missouri </font><font
  face="News Gothic MT" size="1">(Jefferson City, Hannibal, Poplar Bluff and eastern Missouri excluding St
  Louis)<strong>&lt;Central Time Zone&gt;</strong></font></p>
  <p align="left"><font size="2" face="News Gothic MT">574 IN Indiana </font><font
  face="News Gothic MT" size="1">(South Bend, Logansport, Elkhart, Nappanee and
  north central
  Indiana)<strong>&lt;Central &amp; Eastern Time Zones&gt;</strong></font></p>
  <p align="left"><font size="2" face="News Gothic MT">575 NM New Mexico </font><font
  face="News Gothic MT" size="1">(Carlsbad, Las Cruces, Roswell, Silver City, 
	Taos and southern and eastern New Mexico)<strong>&lt;Mountain Time Zone&gt;</strong></font></p>
  <p align="left"><img src="new.gif" alt="new.gif (1000 bytes)" width="36" height="12"><font size="2" face="News Gothic MT">579 QC Quebec </font><font
  face="News Gothic MT" size="1">(central southern Quebec excluding Montreal, 
	overlays with 450)<strong>&lt;Eastern
  Time Zone&gt;</strong></font></p>
  <p align="left"><font size="2" face="News Gothic MT">580 OK Oklahoma </font><font
  face="News Gothic MT" size="1">(Guymon, Hugo, Enid, Lawton, Ardmore, Elk City
  and southern and western Oklahoma)<strong>&lt;Central Time
  Zone&gt;</strong></font></p>
  <p align="left"><img src="new.gif" alt="new.gif (1000 bytes)" width="36" height="12"><font size="2" face="News Gothic MT">581 QC Quebec </font><font
  face="News Gothic MT" size="1">(Quebec and eastern Quebec, overlays with 418)<strong>&lt;Eastern Time
  Zone&gt;</strong></font></p>
  <p align="left"><font size="2" face="News Gothic MT">585 NY New York </font><font
  face="News Gothic MT" size="1">(Rochester, Wellsville, Batavia, Olean and
  western New York)<strong>&lt;Eastern
  Time Zone&gt;</strong></font></p>
  <p align="left"><font size="2" face="News Gothic MT">586 MI Michigan </font><font
  face="News Gothic MT" size="1">(Port Huron, Flint, Flushing, Warren and
  eastern
  Michigan, overlays with 810)<strong>&lt;Eastern Time Zone&gt;</strong></font></p>
  <p align="left"><img src="new.gif" alt="new.gif (1000 bytes)" width="36" height="12"><font size="2" face="News Gothic MT">587 AB Alberta </font><font
  face="News Gothic MT" size="1">(Calgary, Edmonton, Banff, Jasper, Red Deer, 
	Grand Prairie and all of
  Alberta, overlays with 403 and 780)<strong>&lt;Mountain Time Zone&gt;</strong></font></p>
  <p align="left"><font size="2" face="News Gothic MT">600 CANADIAN SERVICES</font></p>
  <p align="left"><font size="2" face="News Gothic MT">601 MS Mississippi </font><font
  face="News Gothic MT" size="1">(Jackson, Meridian, Natchez, McComb,
  Hattiesburg and central Mississippi, overlays with 769)<strong>&lt;Central
  Time Zone&gt;</strong></font></p>
  <p align="left"><font size="2" face="News Gothic MT">602 AZ Arizona </font><font
  face="News Gothic MT" size="1">(Central Phoenix only)<strong>&lt;Mountain
  &amp; Pacific Time Zones&gt;</strong></font></p>
  <p align="left"><font size="2" face="News Gothic MT">603 NH New Hampshire </font><font
  face="News Gothic MT" size="1">(all of New Hampshire)<strong>&lt;Eastern Time Zone&gt;</strong></font></p>
  <p align="left"><font size="2" face="News Gothic MT">604 BC British Columbia </font><font
  face="News Gothic MT" size="1">(Vancouver, Richmond, Abbotsford, Whistler and
  southwestern BC, overlays with 778)<strong>&lt;Pacific Time Zone&gt;</strong></font></p>
  <p align="left"><font size="2" face="News Gothic MT">605 SD South Dakota </font><font
  face="News Gothic MT" size="1">(all of South Dakota)<strong>&lt;Central &amp; Mountain
  Time Zones&gt;</strong></font></p>
  <p align="left"><font size="2" face="News Gothic MT">606 KY Kentucky </font><font
  face="News Gothic MT" size="1">(Ashland, Hazard, Somerset, London, Corbin,
  Pikeville, Maysville and eastern Kentucky)<strong>&lt;Central &amp; Eastern
  Time Zones&gt;</strong></font></p>
  <p align="left"><font size="2" face="News Gothic MT">607 NY New York </font><font
  face="News Gothic MT" size="1">(Binghamton, Elmira, Bath, Norwich and south central New York)<strong>&lt;Eastern
  Time Zone&gt;</strong></font></p>
  <p align="left"><font size="2" face="News Gothic MT">608 WI Wisconsin </font><font
  face="News Gothic MT" size="1">(Madison, La Crosse, Platteville, Janesville and southwestern Wisconsin)<strong>&lt;Central
  Time Zone&gt;</strong></font></p>
  <p align="left"><font size="2" face="News Gothic MT">609 NJ New Jersey </font><font
  face="News Gothic MT" size="1">(Atlantic City, Brown Mills, Trenton, and central &amp;
  southeastern New
  Jersey)<strong>&lt;Eastern Time Zone&gt;</strong></font></p>
  <p align="left"><font size="2" face="News Gothic MT">610 PA Pennsylvania </font><font
  face="News Gothic MT" size="1">(Reading, Allentown, Chester and southeastern Pennsylvania, overlays with
  484)<strong>&lt;Eastern Time Zone&gt;</strong></font></p>
  <p align="left"><font size="2" face="News Gothic MT">611 REPAIR SERVICE</font></p>
  <p align="left"><font size="2" face="News Gothic MT">612 MN Minnesota </font><font
  face="News Gothic MT" size="1">(Central Minneapolis, Fort Snelling, St Anthony and
  Richfield)<strong>&lt;Central Time
  Zone&gt;</strong></font></p>
  <p align="left"><font size="2" face="News Gothic MT">613 ON Ontario </font><font
  face="News Gothic MT" size="1">(Ottawa and southeastern Ontario, overlays with 
	343)<strong>&lt;Eastern Time
  Zone&gt;</strong></font></p>
  <p align="left"><font size="2" face="News Gothic MT">614 OH Ohio </font><font
  face="News Gothic MT" size="1">(Columbus area)<strong>&lt;Eastern Time
  Zone&gt;</strong></font></p>
  <p align="left"><font size="2" face="News Gothic MT">615 TN Tennessee </font><font
  face="News Gothic MT" size="1">(Nashville, Murfreesboro, Springfield, Lebanon,
  Dickson and north central Tennessee)<strong>&lt;Central Time Zone&gt;</strong></font></p>
  <p align="left"><font size="2" face="News Gothic MT">616 MI Michigan </font><font
  face="News Gothic MT" size="1">( Grand Rapids, Holland, Greenville, Grandhaven,
  Zeeland, and southwestern
  Michigan)<strong>&lt;Eastern Time Zone&gt;</strong></font></p>
  <p align="left"><font size="2" face="News Gothic MT">617 MA Massachusetts (</font><font
  face="News Gothic MT" size="1">Boston, Cambridge and east central
  Massachusetts, overlays with 857)<strong>&lt;Eastern Time Zone&gt;</strong></font></p>
  <p align="left"><font size="2" face="News Gothic MT">618 IL Illinois </font><font
  face="News Gothic MT" size="1">(Carbondale, Alton, Centralia, Mount Vernon and southern Illinois)<strong>&lt;Central
  Time Zone&gt;</strong></font></p>
  <p align="left"><font size="2" face="News Gothic MT">619 CA California </font><font
  face="News Gothic MT" size="1">(National City, Chula Vista, Imperial Beach,
  Otay and the San Diego area)<strong>&lt;Pacific Time Zone&gt;</strong></font></p>
  <p align="left"><font size="2" face="News Gothic MT">620 KS Kansas </font><font
  face="News Gothic MT" size="1">(Dodge City, Great Bend, Parsons, Liberal and southern Kansas)<strong>&lt;Central
  &amp; Mountain Time Zone&gt;</strong></font></p>
  <p align="left"><font
  size="2" face="News Gothic MT">623 AZ Arizona </font><font face="News Gothic MT" size="1">(Buckeye,
  Peoria, western
  Phoenix area and western Phoenix suburbs only)<strong>&lt;Mountain &amp;
  Pacific Time Zones&gt;</strong></font></p>
  <p align="left"><font size="2" face="News Gothic MT">626 CA California </font><font
  face="News Gothic MT" size="1">(Arcadia, Temple City, Covina, Pasadena and
  eastern Los Angeles suburbs)<strong>&lt;Pacific Time Zone&gt;</strong></font></p>
  <p align="left"><font size="2" face="News Gothic MT">630 IL Illinois </font><font
  face="News Gothic MT" size="1">(Aurora, Batavia, Geneva and western Chicago
  suburbs, overlays with 331)<strong>&lt;Central Time Zone&gt;</strong></font></p>
  <p align="left"><font size="2" face="News Gothic MT">631 NY New York
  </font><font
  face="News Gothic MT" size="1">(Manorville, Huntington, Lindenhurst, Islip, Deer Park and
  Eastern Long Island)<strong>&lt;Eastern Time Zone&gt;</strong></font></p>
  <p align="left"><font
  size="2" face="News Gothic MT">636 MO Missouri </font><font face="News Gothic MT" size="1">(Chesterfield,
  Union, De Soto, Troy and east central Missouri)<strong>&lt;Central Time Zone&gt;</strong></font></p>
  <p align="left"><font size="2" face="News Gothic MT">641 IA Iowa </font><font
  face="News Gothic MT" size="1">(Mason City, Oskaloosa, Creston, Pella, Ottumwa, Britt, Clear Lake,
  Fairfield and central Iowa)<strong>&lt;Central Time
  Zone&gt;</strong></font></p>
  <p align="left"><font size="2" face="News Gothic MT">646 NY New York
  </font><font
  face="News Gothic MT" size="1">(New York City Manhattan area, overlays with
  212 and 917)<strong>&lt;Eastern Time Zone&gt;</strong></font></p>
  <p align="left"><font size="2" face="News Gothic MT">647 ON Ontario </font><font
  face="News Gothic MT" size="1">(Toronto area, overlays with 416)<strong>&lt;Eastern Time Zone&gt;</strong></font></p>
  <p align="left"><font size="2" face="News Gothic MT">649 TURKS &amp; CAICOS </font><font
  face="News Gothic MT" size="1">(Grand Turk, Kew, Bottle Creek, Providenciales 
	and all of Turks and Caicos)<strong>&lt;Eastern Time Zone&gt;</strong></font></p>
  <p align="left"><font size="2" face="News Gothic MT">650 CA California </font><font
  face="News Gothic MT" size="1">(San Mateo, Palo Alto, Redwood City, Menlo Park and southern San Francisco
  suburbs)<strong>&lt;Pacific
  Time Zone&gt;</strong></font></p>
  <p align="left"><font size="2" face="News Gothic MT">651 MN Minnesota </font><font
  face="News Gothic MT" size="1">(St Paul, Lindstrom, Red Wing, Hastings and
  east central Minnesota)<strong>&lt;Central Time
  Zone&gt;</strong></font></p>
  <p align="left"><img src="new.gif" alt="new.gif (1000 bytes)" width="36" height="12"><font size="2" face="News Gothic MT">657 CA California </font><font
  face="News Gothic MT" size="1">(Huntington Beach, Orange, Garden Grove,
  Tustin, Anaheim and northern Orange County, overlays with 714)<strong>&lt;Pacific Time Zone&gt;</strong></font></p>
  <p align="left"><font size="2" face="News Gothic MT">660 MO Missouri </font><font
  face="News Gothic MT" size="1">(Marshall, Sedalia, Macon, Trenton, Maryville and
  north central Missouri)<strong>&lt;Central Time Zone&gt;</strong></font></p>
  <p align="left"><font size="2" face="News Gothic MT">661 CA California </font><font
  face="News Gothic MT" size="1">(Bakersfield, Mojave, Santa Clarita, Palmdale and south central California)<strong>&lt;Pacific
  Time Zone&gt;</strong></font></p>
  <p align="left"><font
  size="2" face="News Gothic MT">662 MS Mississippi </font><font face="News Gothic MT"
  size="1">(Greenville, Tupelo, Winona, Columbus, Holly Springs and northern Mississippi)<strong>&lt;Central Time Zone&gt;</strong></font></p>
  <p align="left"><font size="2" face="News Gothic MT">664 MONTSERRAT </font><font
  face="News Gothic MT" size="1">(Brades, Plymouth and all of Montserrat)<strong>&lt;Atlantic Time Zone
  (one hour later than Eastern)&gt;</strong></font></p>
  <p align="left"><font size="2" face="News Gothic MT">670 COMMONWEALTH OF THE NORTHERN
  MARIANA ISLANDS </font><font face="News Gothic MT" size="1">(Saipan, Rota, 
	Agrihan and all of CNMI)<strong>&lt;Pacific
  Guam Time Zone (6 or 7 hours earlier than Pacific Time, does not observe
  daylight savings)&gt;</strong></font></p>
<p align="left"><font size="2" face="News Gothic MT">671 GUAM </font><font
  face="News Gothic MT" size="1">(Hagatna (Agana) and all of Guam)<strong>&lt;Pacific
  Guam Time Zone (6 or 7 hours earlier than Pacific Time, does not observe
daylight savings)&gt;</strong></font></p>
  <p align="left"><font size="2" face="News Gothic MT">678 GA Georgia </font><font
  face="News Gothic MT" size="1">(Atlanta, Gainesville, Griffin and north
  central Georgia, overlays 404 and and 470 and 770)<strong>&lt;Eastern
  Time Zone&gt;</strong></font></p>
  <p align="left"><img src="new.gif" alt="new.gif (1000 bytes)" width="36" height="12"><font size="2" face="News Gothic MT">681 WV West Virginia </font><font
  face="News Gothic MT" size="1">(Charleston, Huntington, Parkersburg and all of West Virginia, 
	overlays with 304)<strong>&lt;Eastern Time Zone&gt;</strong></font></p>
  <p align="left"><font size="2" face="News Gothic MT">682 TX Texas </font><font
  face="News Gothic MT" size="1">(Fort Worth, Arlington, Grandview, Weatherford,
  Rhome, overlays with 817)<strong>&lt;Central Time Zone&gt;</strong></font></p>
  <p align="left"><font size="2" face="News Gothic MT">684
  AMERICAN SAMOA </font><font
  face="News Gothic MT" size="1">(Pago Pago and all of American Samoa)<strong>&lt;Samoan
  Standard Time Zone (3 or 4 hours earlier than Pacific Time, does not observe
  daylight savings)&gt;</strong></font></p>
  <p align="left" style="border-style: groove"><font face="Cooper Black" size="5">&nbsp;
  <a href="http://www.ccauthority.com/ccastore.htm">Christian Concert
Authority Clearing Store</a><br>
  &nbsp;
</font><i><font face="Comic Sans MS" size="5">HUNDREDS OF $6.99 CD's that just gotta go!</font></i></p>
  <p align="left"><font size="2" face="News Gothic MT">700 INTEREXCHANGE CARRIER SERVICES</font></p>
  <p align="left"><font size="2" face="News Gothic MT">701 ND North Dakota </font><font
  face="News Gothic MT" size="1">(all of North Dakota)<strong>&lt;Mountain &amp; Central
  Time Zones&gt;</strong></font></p>
  <p align="left"><font size="2" face="News Gothic MT">702 NV Nevada </font><font
  face="News Gothic MT" size="1">(Las Vegas, Henderson and extreme southern Nevada)<strong>&lt;Pacific
  Time Zone&gt;</strong></font></p>
  <p align="left"><font size="2" face="News Gothic MT">703 VA Virginia </font><font
  face="News Gothic MT" size="1">(Alexandria, Washington DC suburbs, Arlington
  and northeastern Virginia,
  overlays with 571)<strong>&lt;Eastern
  Time Zone&gt;</strong></font></p>
  <p align="left"><font size="2" face="News Gothic MT">704 NC North Carolina </font><font
  face="News Gothic MT" size="1">(Charlotte, Kingstown and south central North Carolina,
  overlays with 980)<strong>&lt;Eastern
  Time Zone&gt;</strong></font></p>
  <p align="left"><font size="2" face="News Gothic MT">705 ON Ontario </font><font
  face="News Gothic MT" size="1">(North Bay and northeastern Ontario, overlays 
	with 249)<strong>&lt;Eastern
  Time Zone&gt;</strong></font></p>
  <p align="left"><font size="2" face="News Gothic MT">706 GA Georgia </font><font
  face="News Gothic MT" size="1">(Augusta, Columbus, Lagrange, Rome, Dalton and northern
  and west central Georgia, overlays with 762)<strong>&lt;Eastern Time Zone&gt;</strong></font></p>
  <p align="left"><font size="2" face="News Gothic MT">707 CA California </font><font
  face="News Gothic MT" size="1">(Santa Rosa, Fort Bragg, Crescent City, Eureka, Ukiah and northwestern California)<strong>&lt;Pacific
  Time Zone&gt;</strong></font></p>
  <p align="left"><font size="2" face="News Gothic MT">708 IL Illinois </font><font
  face="News Gothic MT" size="1">(Chicago Heights, Tinley Park and southern Chicago
  suburbs)<strong>&lt;Central Time Zone&gt;</strong></font></p>
  <p align="left"><font size="2" face="News Gothic MT">709 NF Newfoundland </font><font
  face="News Gothic MT" size="1">(all of Newfoundland)<strong>&lt;Newfoundland Time Zone
  (one and a half hours later than Eastern)&gt;</strong></font></p>
  <p align="left"><font size="2" face="News Gothic MT">710 US GOVERNMENT</font></p>
  <p align="left"><font size="2" face="News Gothic MT">711 TELECOMMUNICATIONS 
	RELAY SERVICE</font></p>
  <p align="left"><font size="2" face="News Gothic MT">712 IA Iowa </font><font
  face="News Gothic MT" size="1">(Estherville, Council Bluffs, Sioux City,
  Sheldon, Denison and western Iowa)<strong>&lt;Central
  Time Zone&gt;</strong></font></p>
  <p align="left"><font size="2" face="News Gothic MT">713 TX Texas </font><font
  face="News Gothic MT" size="1">(Spring, Katy, Houston area, overlays with 281 and
  832)<strong>&lt;Central
  Time Zone&gt;</strong></font></p>
  <p align="left"><font size="2" face="News Gothic MT">714 CA California </font><font
  face="News Gothic MT" size="1">(Huntington Beach, Orange, Garden Grove,
  Tustin, Anaheim and northern Orange County, overlays with 657)<strong>&lt;Pacific Time Zone&gt;</strong></font></p>
  <p align="left"><font size="2" face="News Gothic MT">715 WI Wisconsin </font><font
  face="News Gothic MT" size="1">(Rhinelander, Wausau, Eau Claire, Rice Lake,
  Ashland and northern Wisconsin, overlays with 534)<strong>&lt;Central Time Zone&gt;</strong></font></p>
  <p align="left"><font size="2" face="News Gothic MT">716 NY New York </font><font
  face="News Gothic MT" size="1">(Buffalo, Jamestown, Niagara Falls, Tonawanda and western New York)<strong>&lt;Eastern Time
  Zone&gt;</strong></font></p>
  <p align="left"><font size="2" face="News Gothic MT">717 PA Pennsylvania </font><font
  face="News Gothic MT" size="1">(Harrisburg, Gettysburg, Lancaster, York and south central Pennsylvania)<strong>&lt;Eastern
  Time Zone&gt;</strong></font></p>
  <p align="left"><font size="2" face="News Gothic MT">718 NY New York </font><font
  face="News Gothic MT" size="1">(Flushing, Jamaica, Brooklyn, Staten Island, Bronx and Queens,
  overlays with 347, 917 and 929)<strong>&lt;Eastern Time
  Zone&gt;</strong></font></p>
  <p align="left"><font size="2" face="News Gothic MT">719 CO Colorado </font><font
  face="News Gothic MT" size="1">(Leadville, Pueblo, Colorado Springs, Trinidad and southeastern
  Colorado)<strong>&lt;Mountain Time Zone&gt;</strong></font></p>
  <p align="left"><font size="2" face="News Gothic MT">720 CO Colorado </font><font
  face="News Gothic MT" size="1">(Boulder, Longmont, Aurora, Denver and central
  Colorado, overlays with 303)<strong>&lt;Mountain Time
  Zone&gt;</strong></font></p>
  <p align="left"><img src="new.gif" alt="new.gif (1000 bytes)" width="36" height="12"><font size="2" face="News Gothic MT">721 SINT 
	MAARTEN </font><font
  face="News Gothic MT" size="1">(Phillipsburg and the southern Dutch half of 
	Saint Martin)<strong>&lt;Atlantic Time Zone
  (one hour later than Eastern)&gt;</strong></font></p>
  <p align="left"><font size="2" face="News Gothic MT">724 PA Pennsylvania </font><font
  face="News Gothic MT" size="1">(New Castle, Washington, Uniontown and south western Pennsylvania,
  overlays with 878)<strong>&lt;Eastern
  Time Zone&gt;</strong></font></p>
  <p align="left"><font size="2" face="News Gothic MT">727 FL Florida </font><font
  face="News Gothic MT" size="1">(Clearwater, St Petersburg, Dunedin and the
  west central Florida gulf coast)<strong>&lt;Eastern Time Zone&gt;</strong></font></p>
  <p align="left"><font size="2" face="News Gothic MT">731
  TN Tennessee </font><font
  face="News Gothic MT" size="1">(Union City, Jackson, Dyersburg, Paris, Bolivar and
  western Tennessee)<strong>&lt;Central
  Time Zone&gt;</strong></font></p>
  <p align="left"><font size="2" face="News Gothic MT">732 NJ New Jersey </font><font
  face="News Gothic MT" size="1">(New Brunswick, Neptune, Lakewood, and east
  central New Jersey, overlays with 848)<strong>&lt;Eastern Time Zone&gt;</strong></font></p>
  <p align="left"><font size="2" face="News Gothic MT">734 MI Michigan </font><font
  face="News Gothic MT" size="1">(Ann Arbor, Monroe, Wayne, Ypsilanti and
  southwestern Detroit suburbs)<strong>&lt;Eastern Time Zone&gt;</strong></font></p>
  <p align="left"><font size="2" face="News Gothic MT">740 OH Ohio </font><font
  face="News Gothic MT" size="1">(Jackson, Lancaster, Marietta, Cambridge,
  Zanesville, New Castle and southeastern Ohio)<strong>&lt;Eastern
  Time Zone&gt;</strong></font></p>
  <p align="left"><img src="new.gif" alt="new.gif (1000 bytes)" width="36" height="12"><font size="2" face="News Gothic MT">747 CA California </font><font
  face="News Gothic MT" size="1">(Glendale, San Fernando, Burbank and northern
  Los Angeles suburbs, overlays with 818)<strong>&lt;Pacific Time
  Zone&gt;</strong></font></p>
  <p align="left"><font size="2" face="News Gothic MT">754 FL Florida </font><font
  face="News Gothic MT" size="1">(Fort Lauderdale, Pompano Beach, overlays with
  954)<strong>&lt;Eastern Time Zone&gt;</strong></font></p>
  <p align="left"><font size="2" face="News Gothic MT">757 VA Virginia </font><font
  face="News Gothic MT" size="1">(Hampton, Norfolk, Williamsburg, Newport News,
  Virginia Beach and southeastern Virginia)<strong>&lt;Eastern
  Time Zone&gt;</strong></font></p>
  <p align="left"><font size="2" face="News Gothic MT">758 ST LUCIA </font><font
  face="News Gothic MT" size="1">(Castries, Cul du Sac and all of St Lucia)<strong>&lt;Atlantic Time Zone
  (one hour later than Eastern)&gt;</strong></font></p>
  <p align="left"><font size="2" face="News Gothic MT">760 CA California </font><font
  face="News Gothic MT" size="1">(Bishop, Ridgecrest, Indio, Barstow, El Centro, Palm
  Springs and southeastern
  California, overlays with 442)<strong>&lt;Pacific
  Time Zone&gt;</strong></font></p>
  <p align="left"><font size="2" face="News Gothic MT">762 GA Georgia </font><font
  face="News Gothic MT" size="1">(Augusta, Columbus, Lagrange, Rome, Dalton and northern
  and west central Georgia, overlays with 706)<strong>&lt;Eastern Time Zone&gt;</strong></font></p>
  <p align="left"><font size="2" face="News Gothic MT">763 MN Minnesota </font><font
  face="News Gothic MT" size="1">(Maple Grove, Monticello, Elk River, Fridley, Blaine, and
  northwest Minneapolis area)<strong>&lt;Central Time
  Zone&gt;</strong></font></p>
  <p align="left"><font size="2" face="News Gothic MT">765 IN Indiana </font><font
  face="News Gothic MT" size="1">(Lafayette, Marion, Muncie, Richmond and central Indiana excluding Indianapolis)<strong>&lt;Eastern
  Time Zone&gt;</strong></font></p>
  <p align="left"><font size="2" face="News Gothic MT">767 DOMINICA </font><font
  face="News Gothic MT" size="1">(Rosseau, Portsmouth, Saint Joseph and all of Dominica)<strong>&lt;Atlantic Time Zone
  (one hour later than Eastern)&gt;</strong></font></p>
  <p align="left"><font size="2" face="News Gothic MT">769 MS Mississippi </font><font
  face="News Gothic MT" size="1">(Jackson, Meridian, Natchez, McComb,
  Hattiesburg and central Mississippi, overlays with 601)<strong>&lt;Central
  Time Zone&gt;</strong></font></p>
  <p align="left"><font size="2" face="News Gothic MT">770 GA Georgia </font><font
  face="News Gothic MT" size="1">(Marietta, Cedartown, and north central
  Georgia,
  overlays with 470 and 678)<strong>&lt;Eastern Time Zone&gt;</strong></font></p>
<p align="left"><font size="2" face="News Gothic MT">772 FL Florida </font><font
  face="News Gothic MT" size="1">(Vero Beach, Port Saint Lucie, Fort Pierce,
Sebastian, Stuart and central eastern Florida)<strong>&lt;Eastern
  Time Zone&gt;</strong></font></p>
  <p align="left"><font size="2" face="News Gothic MT">773 IL Illinois </font><font
  face="News Gothic MT" size="1">(Chicago excluding downtown
  Chicago, overlays with 872)<strong>&lt;Central
  Time Zone&gt;</strong></font></p>
  <p align="left"><font size="2" face="News Gothic MT">774 MA Massachusetts </font><font
  face="News Gothic MT" size="1">(Worcester and southeastern Massachusetts,
  overlays with 508)<strong>&lt;Eastern
  Time Zone&gt;</strong></font></p>
  <p align="left"><font size="2" face="News Gothic MT">775 NV Nevada </font><font
  face="News Gothic MT" size="1">(Reno, Elko, Ely and all of Nevada excluding Las Vegas and extreme southern
  Nevada)<strong>&lt;Pacific Time Zone&gt;</strong></font></p>
  <p align="left"><font size="2" face="News Gothic MT">778 BC British Columbia </font><font
  face="News Gothic MT" size="1">(Vancouver, Richmond, Abbotsford and
  southwestern BC overlays with 604)<strong>&lt;Pacific Time Zone&gt;</strong></font></p>
  <p align="left"><font size="2" face="News Gothic MT">779 IL Illinois </font><font
  face="News Gothic MT" size="1">(La Salle, De Kalb, Rockford, Freeport and northern Illinois
  excluding Chicago area, overlays with 815)<strong>&lt;Central
  Time Zone&gt;</strong></font></p>
  <p align="left"><font size="2" face="News Gothic MT">780 AB Alberta </font><font
  face="News Gothic MT" size="1">(Edmonton, Jasper, Grande Prairie, Peace River and northern
  Alberta, overlays with 587)<strong>&lt;Mountain Time Zone&gt;</strong></font></p>
  <p align="left"><font size="2" face="News Gothic MT">781 MA Massachusetts </font><font
  face="News Gothic MT" size="1">(Saugus, Norwood and east central
  Massachusetts, overlays with 339)<strong>&lt;Eastern
  Time Zone&gt;</strong></font></p>
  <p align="left"><font size="2" face="News Gothic MT">784 ST VINCENT AND THE GRENADINES </font><font
  face="News Gothic MT" size="1">(Kingstown, Georgetown, Chateaubelair and all of St Vincent and the Grenadines)<strong>&lt;Atlantic
  Time Zone (one hour later than Eastern)&gt;</strong></font></p>
  <p align="left"><font size="2" face="News Gothic MT">785 KS Kansas </font><font
  face="News Gothic MT" size="1">(Colby, Topeka, Salina, Manhattan, Lawrence and northern Kansas)<strong>&lt;Mountain
  &amp; Central Time Zones&gt;</strong></font></p>
  <p align="left"><font size="2" face="News Gothic MT">786 FL Florida </font><font
  face="News Gothic MT" size="1">(Miami, Homestead, Coral Gables, Key West and southeastern Florida, overlays with
  305)<strong>&lt;Eastern
  Time Zone&gt;</strong></font></p>
  <p align="left"><font size="2" face="News Gothic MT">787 PUERTO RICO </font><font
  face="News Gothic MT" size="1">(San Juan and all of Puerto Rico, overlays with 939)<strong>&lt;Eastern
  &amp; Atlantic Time Zone (does not observe daylight savings time)&gt;</strong></font></p>
  <p align="left"><a href="http://www.ccauthority.com"><img border="0" src="images/ccalogo2.gif" width="424" height="78"><br>
  </a><b><i><font face="Arial" size="4" color="#CC9900"><a href="http://www.ccauthority.com">World's
  Largest Christian Concert Search Engine!</a></font></i></b></p>
  <p align="left"><font size="2" face="News Gothic MT">800 TOLL FREE SERVICES</font></p>
  <p align="left"><font size="2" face="News Gothic MT">801 UT Utah </font><font
  face="News Gothic MT" size="1">(Salt Lake City, Salt Lake County, Midvale,
  Alta, Magna, Kearns Holladay, and central Utah)<strong>&lt;Mountain
  Time Zone&gt;</strong></font></p>
  <p align="left"><font size="2" face="News Gothic MT">802 VT Vermont </font><font
  face="News Gothic MT" size="1">(all of Vermont)<strong>&lt;Eastern Time Zone&gt;</strong></font></p>
  <p align="left"><font size="2" face="News Gothic MT">803 SC South Carolina </font><font
  face="News Gothic MT" size="1">(Columbia, Rock Hill, Sumter, Aiken and central South Carolina)<strong>&lt;Eastern Time Zone&gt;</strong></font></p>
  <p align="left"><font size="2" face="News Gothic MT">804 VA Virginia </font><font
  face="News Gothic MT" size="1">(Richmond, Petersburg, West Point, Chester and
  east central Virginia)<strong>&lt;Eastern
  Time Zone&gt;</strong></font></p>
  <p align="left"><font size="2" face="News Gothic MT">805 CA California </font><font
  face="News Gothic MT" size="1">(Santa Barbara, San Luis Obispo, Lompoc and central western
  coastal California)<strong>&lt;Pacific
  Time Zone&gt;</strong></font></p>
  <p align="left"><font size="2" face="News Gothic MT">806 TX Texas </font><font
  face="News Gothic MT" size="1">(Amarillo, Lubbock, Canadian, Perryton,
  Shamrock, Dalhart and Texas panhandle)<strong>&lt;Central Time
  Zone&gt;</strong></font></p>
  <p align="left"><font size="2" face="News Gothic MT">807 ON Ontario </font><font
  face="News Gothic MT" size="1">(Thunder Bay and western Ontario)<strong>&lt;Central &amp;
  Eastern Time Zones&gt;</strong></font></p>
  <p align="left"><font size="2" face="News Gothic MT">808 HI Hawaii </font><font
  face="News Gothic MT" size="1">(all of Hawaii)<strong>&lt;Hawaiian Time Zone
  (2 or 3 hours earlier than Pacific Time, does not observe daylight savings)&gt;</strong></font></p>
  <p align="left"><font size="2" face="News Gothic MT">809 DOMINICAN REPUBLIC </font><font face="News Gothic MT" size="1">(Santo 
	Domingo, Puerto Plata and all
  of the Dominican Republic, overlays with 829 and 849)<strong>&lt;Atlantic Time
  Zone&gt;</strong></font></p>
  <p align="left"><font size="2" face="News Gothic MT">810 MI Michigan </font><font
  face="News Gothic MT" size="1">(Port Huron, Flint, Flushing, Warren and
  eastern
  Michigan, overlays with 586)<strong>&lt;Eastern Time Zone&gt;</strong></font></p>
  <p align="left"><font size="2" face="News Gothic MT">811 ONE CALL SERVICES TO 
	PROTECT PIPELINE AND UTILITIES FROM EXCAVATION DAMAGE</font></p>
  <p align="left"><font size="2" face="News Gothic MT">812 IN Indiana </font><font
  face="News Gothic MT" size="1">(Evansville, New Albany, Terre Haute,
  Bloomington and southern Indiana)<strong>&lt;Central &amp;
  Eastern Time Zones&gt;</strong></font></p>
  <p align="left"><font size="2" face="News Gothic MT">813 FL Florida </font><font
  face="News Gothic MT" size="1">(Tampa, Hillsborough, Plant City, Port Tampa
  and central western Florida)<strong>&lt;Eastern
  Time Zone&gt;</strong></font></p>
  <p align="left"><font size="2" face="News Gothic MT">814 PA Pennsylvania </font><font
  face="News Gothic MT" size="1">(Erie, Warren, Altoona, Johnstown, Meyersdale and central and northwestern Pennsylvania)<strong>&lt;Eastern
  Time Zone&gt;</strong></font></p>
  <p align="left"><font size="2" face="News Gothic MT">815 IL Illinois </font><font
  face="News Gothic MT" size="1">(La Salle, De Kalb, Rockford, Freeport and northern Illinois
  excluding Chicago area, overlays with 779)<strong>&lt;Central
  Time Zone&gt;</strong></font></p>
  <p align="left"><font size="2" face="News Gothic MT">816 MO Missouri </font><font
  face="News Gothic MT" size="1">(Kansas City, St Joseph, Independence,
  Harrisonville and west central Missouri)<strong>&lt;Central Time
  Zone&gt;</strong></font></p>
  <p align="left"><font size="2" face="News Gothic MT">817 TX Texas </font><font
  face="News Gothic MT" size="1">(Fort Worth, Arlington, Grandview, Weatherford,
  Rhome, overlays with 682)<strong>&lt;Central Time Zone&gt;</strong></font></p>
  <p align="left"><font size="2" face="News Gothic MT">818 CA California </font><font
  face="News Gothic MT" size="1">(Glendale, San Fernando, Burbank and northern
  Los Angeles suburbs, overlays with 747)<strong>&lt;Pacific Time
  Zone&gt;</strong></font></p>
  <p align="left"><font size="2" face="News Gothic MT">819 QC Quebec </font><font
  face="News Gothic MT" size="1">(Western Quebec)<strong>&lt;Eastern Time Zone&gt;</strong></font></p>
  <p align="left"><img src="new.gif" alt="new.gif (1000 bytes)" width="36" height="12"><font size="2" face="News Gothic MT">822
  TOLL FREE SERVICES</font></p>
  <p align="left"><font size="2" face="News Gothic MT">828 NC North Carolina </font><font
  face="News Gothic MT" size="1">(Asheville, Brevard, Morganton, Murphy and
  western North Carolina)<strong>&lt;Eastern
  Time Zone&gt;</strong></font></p>
  <p align="left"><font size="2" face="News Gothic MT">829 DOMINICAN REPUBLIC </font><font face="News Gothic MT" size="1">(Santo 
	Domingo, Puerto Plata and all
  of the Dominican Republic, overlays with 809 and 849)<strong>&lt;Atlantic Time
  Zone&gt;</strong></font></p>
  <p align="left"><font size="2" face="News Gothic MT">830 TX Texas </font><font
  face="News Gothic MT" size="1">(Uvalde, New Braunfels, Kerrville, Eagle Pass and southwest Texas)<strong>&lt;Central
  Time Zone&gt;</strong></font></p>
  <p align="left"><font size="2" face="News Gothic MT">831 CA California </font><font
  face="News Gothic MT" size="1">(Salinas, Hollister, Monterey, Santa Cruz and central western
  coastal California)<strong>&lt;Pacific Time Zone&gt;</strong></font></p>
  <p align="left"><font size="2" face="News Gothic MT">832 TX Texas </font><font
  face="News Gothic MT" size="1">(Spring, Katy, Houston area, overlays with 281 and
  713)<strong>&lt;Central
  Time Zone&gt;</strong></font></p>
  <p align="left"><img src="new.gif" alt="new.gif (1000 bytes)" width="36" height="12"><font size="2" face="News Gothic MT">833
  TOLL FREE SERVICES</font></p>
  <p align="left"><font size="2" face="News Gothic MT">843 SC South Carolina </font><font
  face="News Gothic MT" size="1">(Florence, Myrtle Beach, Charleston, Hilton
  Head Island and eastern South Carolina)<strong>&lt;Eastern
  Time Zone&gt;</strong></font></p>
  <p align="left"><img src="new.gif" alt="new.gif (1000 bytes)" width="36" height="12"><font size="2" face="News Gothic MT">844
  TOLL FREE SERVICES</font></p>
  <p align="left"><font size="2" face="News Gothic MT">845 NY New York </font><font
  face="News Gothic MT" size="1">( Poughkeepsie, Middletown, West Point,
  Newburgh and southeastern New York)<strong>&lt;Eastern
  Time Zone&gt;</strong></font></p>
  <p align="left"><font size="2" face="News Gothic MT">847 IL Illinois </font><font
  face="News Gothic MT" size="1">(Waukegan, Des Plaines, northwest Chicago
  suburbs and northeastern Illinois, overlays with 224)<strong>&lt;Central Time Zone&gt;</strong></font></p>
  <p align="left"><font size="2" face="News Gothic MT">848 NJ New Jersey </font><font
  face="News Gothic MT" size="1">(New Brunswick, Neptune, and east central New
  Jersey, overlays with 732)<strong>&lt;Eastern
  Time Zone&gt;</strong></font></p>
  <p align="left"><img src="new.gif" alt="new.gif (1000 bytes)" width="36" height="12"><font size="2" face="News Gothic MT">849 DOMINICAN REPUBLIC </font><font face="News Gothic MT" size="1">(Santo 
	Domingo, Puerto Plata and all
  of the Dominican Republic, overlays with 809 and 829)<strong>&lt;Atlantic Time
  Zone&gt;</strong></font></p>
  <p align="left"><font size="2" face="News Gothic MT">850 FL Florida </font><font
  face="News Gothic MT" size="1">( Pensacola, Tallahassee, Panama City and the Florida
  panhandle)<strong>&lt;Central
  &amp; Eastern Time Zones&gt;</strong></font></p>
  <p align="left"><font size="2" face="News Gothic MT">855
  TOLL FREE SERVICES</font></p>
  <p align="left"><font size="2" face="News Gothic MT">856 NJ New Jersey </font><font
  face="News Gothic MT" size="1">(Vineland, Cherry Hill, Camden, Millville, and southwestern New
  Jersey)<strong>&lt;Eastern Time Zone&gt;</strong></font></p>
  <p align="left"><font size="2" face="News Gothic MT">857 MA Massachusetts </font><font
  face="News Gothic MT" size="1">(Boston, Cambridge and east central
  Massachusetts, overlays with 617)<strong>&lt;Eastern
  Time Zone&gt;</strong></font></p>
  <p align="left"><font size="2" face="News Gothic MT">858 CA California </font><font
  face="News Gothic MT" size="1">(Del Mar, La Jolla and northern San Diego
  suburbs)<strong>&lt;Pacific Time Zone&gt;</strong></font></p>
  <p align="left"><font size="2" face="News Gothic MT">859 KY Kentucky </font><font
  face="News Gothic MT" size="1">(Lexington, Richmond, Danville, Covington, Mount Sterling and
  north central Kentucky)<strong>&lt;Eastern
  Time Zone&gt;</strong></font></p>
  <p align="left"><font size="2" face="News Gothic MT">860 CT Connecticut </font><font
  face="News Gothic MT" size="1">(Bristol, Hartford, Norwich and northern and eastern
  Connecticut, overlays with 959)<strong>&lt;Eastern
  Time Zone&gt;</strong></font></p>
  <p align="left"><font size="2" face="News Gothic MT">862 NJ New Jersey </font><font
  face="News Gothic MT" size="1">(Newark, Paterson and northwestern New Jersey,
  overlays with 973)<strong>&lt;Eastern
  Time Zone&gt;</strong></font></p>
  <p align="left"><font size="2" face="News Gothic MT">863 FL Florida </font><font
  face="News Gothic MT" size="1">(Avon Park, Clewiston, Lakeland, Bartow, Sebring,
  Winter Haven and south central Florida)<strong>&lt;Eastern
  Time Zone&gt;</strong></font></p>
  <p align="left"><font size="2" face="News Gothic MT">864 SC South Carolina </font><font
  face="News Gothic MT" size="1">(Greenville, Spartanburg, Anderson and western South Carolina)<strong>&lt;Eastern
  Time Zone&gt;</strong></font></p>
  <p align="left"><font size="2" face="News Gothic MT">865
  TN Tennessee </font><font
  face="News Gothic MT" size="1">(Knoxville, Newport, Jefferson City, Oak Ridge and east
  central Tennessee)<strong>&lt;Eastern
  Time Zone&gt;</strong></font></p>
  <p align="left"><font size="2" face="News Gothic MT">866
  TOLL FREE SERVICES</font></p>
  <p align="left"><font size="2" face="News Gothic MT">867 YK Yukon, Northwest
  Territories, and Nunavut </font><font face="News Gothic MT" size="1">(Yukon, Northwest
  Territories and Nunavut)<strong>&lt;Pacific, Mountain, Central, Eastern, and Atlantic Time Zones&gt;</strong></font></p>
  <p align="left"><font size="2" face="News Gothic MT">868 TRINIDAD AND TOBAGO </font><font
  face="News Gothic MT" size="1">(Port-of-Spain, Point Fortin, Scarborough and all of Trinidad and Tobago)<strong>&lt;Atlantic Time
  Zone (one hour later than Eastern)&gt;</strong></font></p>
  <p align="left"><font size="2" face="News Gothic MT">869 ST KITTS AND NEVIS </font><font
  face="News Gothic MT" size="1">(Charlestown, Brasseterre, Sandy Point Town and all of St Kitts and Nevis)<strong>&lt;Atlantic Time
  Zone (one hour later than Eastern)&gt;</strong></font></p>
  <p align="left"><font size="2" face="News Gothic MT">870 AR Arkansas </font><font
  face="News Gothic MT" size="1">(Texarkana, Mountain Home, Pine Bluff and
  southern, eastern and northeastern Arkansas)<strong>&lt;Central Time Zone&gt;</strong></font></p>
  <p align="left"><img src="new.gif" alt="new.gif (1000 bytes)" width="36" height="12"><font size="2" face="News Gothic MT">872 IL Illinois </font><font
  face="News Gothic MT" size="1">(Chicago area including downtown
  Chicago, overlays with 312 and 773)<strong>&lt;Central
  Time Zone&gt;</strong></font></p>
  <p align="left"><font size="2" face="News Gothic MT">876 JAMAICA </font><font
  face="News Gothic MT" size="1">(Montego Bay, St Ann's Bay, Kingston, Negril 
	and all of Jamaica)<strong>&lt;Eastern Time Zone&gt;</strong></font></p>
  <p align="left"><font size="2" face="News Gothic MT">877 TOLL FREE SERVICES</font></p>
  <p align="left"><font size="2" face="News Gothic MT">878 PA Pennsylvania </font><font
  face="News Gothic MT" size="1">(Pittsburgh, New Castle, and southwestern Pennsylvania, overlays
  with 412 and 724)<strong>&lt;Eastern
  Time Zone&gt;</strong></font></p>
  <p align="left"><font size="2" face="News Gothic MT">880 PAID 800 SERVICE FROM CARIBBEAN
  TO THE US AND CANADA OR FROM CANADA TO THE US</font></p>
  <p align="left"><font size="2" face="News Gothic MT">881 PAID 888 SERVICE FROM CARIBBEAN
  TO THE US AND CANADA OR FROM CANADA TO THE US</font></p>
  <p align="left"><font size="2" face="News Gothic MT">882 PAID 877 SERVICE FROM CARIBBEAN
  TO THE US AND CANADA OR FROM CANADA TO THE US</font></p>
  <p align="left"><font size="2" face="News Gothic MT">888 TOLL FREE SERVICES</font></p>
  <p align="left"><font size="2" face="News Gothic MT">900 </font><a href="http://www.best900.com"><font size="2" face="News Gothic MT">900
  NUMBER PAY PER CALL SERVICES</font></a></p>
  <p align="left"><font size="2" face="News Gothic MT">901 TN Tennessee </font><font
  face="News Gothic MT" size="1">(Memphis, Covington, Somerville and south western Tennessee)<strong>&lt;Central Time
  Zone&gt;</strong></font></p>
  <p align="left"><font size="2" face="News Gothic MT">902 NS Nova Scotia </font><font
  face="News Gothic MT" size="1">(all of Nova Scotia and Prince Edward Island)<strong>&lt;Atlantic
  Time Zone&gt;</strong></font></p>
  <p align="left"><font size="2" face="News Gothic MT">903 TX Texas </font><font
  face="News Gothic MT" size="1">(Tyler, Sherman, Longview, Palestine and northeastern
  Texas, overlays with 430)<strong>&lt;Central Time
  Zone&gt;</strong></font></p>
  <p align="left"><font size="2" face="News Gothic MT">904 FL Florida </font><font
  face="News Gothic MT" size="1">(Jacksonville, St Augustine, Starke, Green Cove
  Springs and northeastern Florida)<strong>&lt;Eastern
  Time Zone&gt;</strong></font></p>
  <p align="left"><font size="2" face="News Gothic MT">905 ON Ontario </font><font
  face="News Gothic MT" size="1">(Hamilton, Toronto suburbs and central southeastern
  Ontario, overlays with 289)<strong>&lt;Eastern
  Time Zone&gt;</strong></font></p>
  <p align="left"><font size="2" face="News Gothic MT">906 MI Michigan </font><font
  face="News Gothic MT" size="1">(Ironwood, Marquette, Sault Ste Marie, Escanaba and upper Michigan)<strong>&lt;Central
  &amp; Eastern Time Zones&gt;</strong></font></p>
  <p align="left"><font size="2" face="News Gothic MT">907 AK Alaska </font><font
  face="News Gothic MT" size="1">(all of Alaska)<strong>&lt;Alaskan (1 hour
  earlier than Pacific) &amp; Aleutian (2 hours earlier than Pacific) Time
  Zones&gt;</strong></font></p>
  <p align="left"><font size="2" face="News Gothic MT">908 NJ New Jersey </font><font
  face="News Gothic MT" size="1">(Washington, Elizabeth, Warren, Plainfield and
  west central New Jersey)<strong>&lt;Eastern
  Time Zone&gt;</strong></font></p>
  <p align="left"><font size="2" face="News Gothic MT">909 CA California </font><font
  face="News Gothic MT" size="1">(San Bernardino, Ontario, Pomona, Chino,
  Arrowhead and Big Bear Lake areas)<strong>&lt;Pacific
  Time Zone&gt;</strong></font></p>
  <p align="left"><font size="2" face="News Gothic MT">910 NC North Carolina </font><font
  face="News Gothic MT" size="1">(Fayetteville, Wilmington, Lumberton and southeastern North Carolina)<strong>&lt;Eastern
  Time Zone&gt;</strong></font></p>
  <p align="left"><font size="2" face="News Gothic MT">911 EMERGENCY</font></p>
  <p align="left"><font size="2" face="News Gothic MT">912 GA Georgia </font><font
  face="News Gothic MT" size="1">( Savannah, Vidalia, Waycross, Brunswick, Douglas and
  southeastern Georgia)<strong>&lt;Eastern
  Time Zone&gt;</strong></font></p>
  <p align="left"><font size="2" face="News Gothic MT">913 KS Kansas </font><font
  face="News Gothic MT" size="1">(Kansas City, Overland Park, Paola Leavenworth
  and extreme eastern Kansas)<strong>&lt;Central
  Time Zone&gt;</strong></font></p>
  <p align="left"><font size="2" face="News Gothic MT">914 NY New York </font><font
  face="News Gothic MT" size="1">(White Plains, Yonkers, Pelham, Westchester,
  Peekskill and southeastern New York)<strong>&lt;Eastern
  Time Zone&gt;</strong></font></p>
  <p align="left"><font size="2" face="News Gothic MT">915 TX Texas </font><font
  face="News Gothic MT" size="1">(El Paso, Dell City, Guadalupe Peak, Sierra
  Blanca, and far western Texas)<strong>&lt;Mountain &amp;
  Central Time Zones&gt;</strong></font></p>
  <p align="left"><font size="2" face="News Gothic MT">916 CA California </font><font
  face="News Gothic MT" size="1">(Sacramento area)<strong>&lt;Pacific Time Zone&gt;</strong></font></p>
  <p align="left"><font size="2" face="News Gothic MT">917 NY New York </font><font
  face="News Gothic MT" size="1">(New York City Manhattan area, Flushing, 
	Jamaica, Brooklyn, Staten Island, Bronx and Queens, overlays with
  212, 347, 646, 718, 917 and 929)<strong>&lt;Eastern
  Time Zone&gt;</strong></font></p>

  <p align="left"><font size="2" face="News Gothic MT">918 OK Oklahoma </font><font
  face="News Gothic MT" size="1">(Tulsa, Bartlesville, McAlester, Muskogee,
  Henrietta and northeastern Oklahoma, overlays with 539)<strong>&lt;Central Time
  Zone&gt;</strong></font></p>
  <p align="left"><font size="2" face="News Gothic MT">919 NC North Carolina </font><font
  face="News Gothic MT" size="1">(Raleigh, Durham, Chapel Hill, Oxford and north central North Carolina)<strong>&lt;Eastern
  Time Zone&gt;</strong></font></p>
  <p align="left"><font size="2" face="News Gothic MT">920 WI Wisconsin </font><font
  face="News Gothic MT" size="1">(Sheboygan, Oshkosh, Green Bay, Manitowoc, Fond
  Du Lac and eastern Wisconsin)<strong>&lt;Central
  Time Zone&gt;</strong></font></p>
  <p align="left"><font size="2" face="News Gothic MT">925 CA California </font><font
  face="News Gothic MT" size="1">(Pleasanton, Martinez, Concord, Livermore, Walnut Creek and Dublin
  areas)<strong>&lt;Pacific Time Zone&gt;</strong></font></p>
  <p align="left"><font size="2" face="News Gothic MT">928
  AZ Arizona </font><font
  face="News Gothic MT" size="1">(Flagstaff, Kingman, Prescott, Yuma and
  northern and western Arizona)<strong>&lt;Mountain &amp; Pacific Time Zones&gt;</strong></font></p>
  <p align="left"><img src="new.gif" alt="new.gif (1000 bytes)" width="36" height="12"><font size="2" face="News Gothic MT">929 NY New York </font><font
  face="News Gothic MT" size="1">(Flushing, Jamaica, Brooklyn, Staten Island, Bronx and Queens,
  overlays with 347, 718 and 917)<strong>&lt;Eastern
  Time Zone&gt;</strong></font></p>
  <p align="left"><font size="2" face="News Gothic MT">931 TN Tennessee </font><font
  face="News Gothic MT" size="1">(Clarksville, Columbia, Manchester, Cookeville
  and central Tennessee)<strong>&lt;Central &amp; Eastern Time Zones&gt;</strong></font></p>
  <p align="left"><font size="2" face="News Gothic MT">936 TX Texas </font><font
  face="News Gothic MT" size="1">(Nacogdoches, Lufkin, Conroe, Huntsville,
  Center and southeastern Texas)<strong>&lt;Central
  Time Zone&gt;</strong></font></p>
  <p align="left"><font size="2" face="News Gothic MT">937 OH Ohio </font><font
  face="News Gothic MT" size="1">(Marysville, Springfield, Dayton, Hillsboro and
  southwestern Ohio excluding Cincinnati area)<strong>&lt;Eastern
  Time Zone&gt;</strong></font></p>
  <p align="left"><img src="new.gif" alt="new.gif (1000 bytes)" width="36" height="12"><font size="2" face="News Gothic MT">938 AL Alabama </font><font
  face="News Gothic MT" size="1">(Florence, Huntsville, Gadsden, Anniston and northern
  and eastern Alabama, overlays with 256)<strong>&lt;Central Time Zone&gt;</strong></font></p>
  <p align="left"><font size="2" face="News Gothic MT">939 PUERTO RICO </font><font
  face="News Gothic MT" size="1">(San Juan and all of Puerto Rico, overlays with 787)<strong>&lt;Eastern
  &amp; Atlantic Time Zone (does not observe daylight savings time)&gt;</strong></font></p>
  <p align="left"><font size="2" face="News Gothic MT">940 TX Texas </font><font
  face="News Gothic MT" size="1">(Vernon, Wichita Falls, Denton, Gainesville,
  Decatur and north central Texas)<strong>&lt;Central
  Time Zone&gt;</strong></font></p>
  <p align="left"><font size="2" face="News Gothic MT">941 FL Florida </font><font
  face="News Gothic MT" size="1">( Bradenton, Port Charlotte, Sarasota, Punta
  Gorda and the west central Florida coast)<strong>&lt;Eastern
  Time Zone&gt;</strong></font></p>
  <p align="left"><font size="2" face="News Gothic MT">947 MI Michigan </font><font
  face="News Gothic MT" size="1">(Troy, Oakland County, Pontiac,
  Southfield, Rochester Hills and northwestern Detroit suburbs, overlays with
  248)<strong>&lt;Eastern Time Zone&gt;</strong></font></p>
  <p align="left"><font size="2" face="News Gothic MT">949 CA California </font><font
  face="News Gothic MT" size="1">(Laguna Niguel, Irvine, El Toro, Newport Beach,
  Corona Del Mar and southern Orange County)<strong>&lt;Pacific
  Time Zone&gt;</strong></font></p>
  <p align="left"><font size="2" face="News Gothic MT">951
  CA California </font><font
  face="News Gothic MT" size="1">(Riverside, Corona, Murrieta, Perris, San
  Jacinto and Temecula areas)<strong>&lt;Pacific Time Zone&gt;</strong></font></p>
  <p align="left"><font size="2" face="News Gothic MT">952 MN Minnesota </font><font
  face="News Gothic MT" size="1">(Bloomington, Minnetonka, Chaska and southwest Minneapolis
  area)<strong>&lt;Central Time
  Zone&gt;</strong></font></p>
  <p align="left"><font size="2" face="News Gothic MT">954 FL Florida </font><font
  face="News Gothic MT" size="1">(Fort Lauderdale, Pompano Beach, overlays with
  754)<strong>&lt;Eastern Time Zone&gt;</strong></font></p>
  <p align="left"><font size="2" face="News Gothic MT">956 TX Texas </font><font
  face="News Gothic MT" size="1">(Laredo, Brownsville, McAllen, Harlingen and southern Texas)<strong>&lt;Central
  Time Zone&gt;</strong></font></p>
  <p align="left"><font size="2" face="News Gothic MT">959 CT Connecticut </font><font
  face="News Gothic MT" size="1">(Bristol, Hartford, Norwich and northern and eastern
  Connecticut, overlays with 860)<strong>&lt;Eastern
  Time Zone&gt;</strong></font></p>
  <p align="left"><font size="2" face="News Gothic MT">970 CO Colorado </font><font
  face="News Gothic MT" size="1">(Aspen, Durango, Grand Junction, Fort Collins and northern and western
  Colorado)<strong>&lt;Mountain Time Zone&gt;</strong></font></p>
  <p align="left"><font size="2" face="News Gothic MT">971 OR Oregon </font><font
  face="News Gothic MT" size="1">(Portland, Salem, Hillsboro, Beaverton and northwestern Oregon,
  overlays with 503)<strong>&lt;Pacific
  Time Zone&gt;</strong></font></p>
  <p align="left"><font size="2" face="News Gothic MT">972 TX Texas </font><font
  face="News Gothic MT" size="1">(Dallas area, overlays with 214 and 469)<strong>&lt;Central
  Time Zone&gt;</strong></font></p>
  <p align="left"><font size="2" face="News Gothic MT">973 NJ New Jersey </font><font
  face="News Gothic MT" size="1">(Newark, Paterson and northwestern New Jersey,
  overlays with 862)<strong>&lt;Eastern
  Time Zone&gt;</strong></font></p>
  <p align="left"><font size="2" face="News Gothic MT">978 MA Massachusetts </font><font
  face="News Gothic MT" size="1">(Fitchburg, Peabody and northeastern
  Massachusetts, overlays with 351)<strong>&lt;Eastern
  Time Zone&gt;</strong></font></p>
  <p align="left"><font size="2" face="News Gothic MT">979 TX Texas </font><font
  face="News Gothic MT" size="1">(Wharton, Bryan, Bay City, College Station, Lake Jackson and southeastern Texas)<strong>&lt;Central
  Time Zone&gt;</strong></font></p>
  <p align="left"><font size="2" face="News Gothic MT">980 NC North Carolina </font><font
  face="News Gothic MT" size="1">(Charlotte, Kingstown and south central North Carolina,
  overlays with 704)<strong>&lt;Eastern
  Time Zone&gt;</strong></font></p>
  <p align="left"><font size="2" face="News Gothic MT">985 LA Louisiana </font><font
  face="News Gothic MT" size="1">(Houma, Slidell and southeastern Louisiana
  excluding New Orleans)<strong>&lt;Central
  Time Zone&gt;</strong></font></p>
  <p align="left"><font size="2" face="News Gothic MT">989
  MI Michigan </font><font
  face="News Gothic MT" size="1">(Alpena, Mt Pleasant, Bay City, Saginaw, Midland, Owosso and central
  Michigan)<strong>&lt;Eastern
  Time Zone&gt;</strong></font></p>